vendor_id,vendor_name,rating,gst_number
3442f8959a84dea7ee197c632cb2df15,Campinas Merchant 3442F8,3.0,GST-SP-1A4E8A35
d1b65fc7debc3361ea86b5f14c68d2e2,Mogi Guacu Merchant D1B65F,4.55,GST-SP-3411CA6F
ce3ad9de960102d0677a81f5d0bb7b2d,Rio De Janeiro Merchant CE3AD9,5.0,GST-RJ-861E10A6
c0f3eea2e14555b6faeea3dd58c1b1c3,Sao Paulo Merchant C0F3EE,5.0,GST-SP-8C66EB30
51a04a8a6bdcb23deccc82b0b80742cf,Braganca Paulista Merchant 51A04A,1.0,GST-SP-00AEAF26
c240c4061717ac1806ae6ee72be3533b,Rio De Janeiro Merchant C240C4,4.0,GST-RJ-D2EDCF62
e49c26c3edfa46d227d5121a6b6e4d37,Brejao Merchant E49C26,4.46,GST-PE-22AC23FE
1b938a7ec6ac5061a66a3766e0e75f90,Penapolis Merchant 1B938A,4.3,GST-SP-B80683D5
768a86e36ad6aae3d03ee3c6433d61df,Sao Paulo Merchant 768A86,4.65,GST-SP-984A3D5F
ccc4bbb5f32a6ab2b7066a4130f114e3,Curitiba Merchant CCC4BB,4.28,GST-PR-84DAF9E3
8cb7c5ddf41f4d506eba76e9a4702a25,Anapolis Merchant 8CB7C5,3.0,GST-GO-0D82FBD2
a7a9b880c49781da66651ccf4ba9ac38,Itirapina Merchant A7A9B8,3.67,GST-SP-AC5895D7
8bd0f31cf0a614c658f6763bd02dea69,Sao Paulo Merchant 8BD0F3,4.28,GST-SP-078F921A
05a48cc8859962767935ab9087417fbb,Sao Paulo Merchant 05A48C,5.0,GST-SP-AC52021E
7b8e8ec35bad4b0ef7e3963650b0a87b,Tubarao Merchant 7B8E8E,4.8,GST-SC-C262D69D
1444c08e64d55fb3c25f0f09c07ffcf2,Lauro De Freitas Merchant 1444C0,1.0,GST-BA-5E29F2D8
166e8f1381e09651983c38b1f6f91c11,Imbituba Merchant 166E8F,5.0,GST-SC-5C22148D
e38db885400cd35c71dfd162f2c1dbcf,Brasilia Merchant E38DB8,4.47,GST-DF-E1EED75C
d2e753bb80b7d4faa77483ed00edc8ca,Porto Seguro Merchant D2E753,3.6,GST-BA-DCCC954B
f9ec7093df3a7b346b7bcf7864069ca3,Sao Paulo Merchant F9EC70,4.78,GST-SP-66FF2ED6
4e6015589b781adaa5ce7f1892d06bb1,Guaruja Merchant 4E6015,3.67,GST-SP-08CEA730
4cf490a58259286ada5ba8525ba9e84a,Tabatinga Merchant 4CF490,3.12,GST-SP-553410C8
f7496d659ca9fdaf323c0aae84176632,Sao Paulo Merchant F7496D,4.58,GST-SP-74DF9E6C
2ff97219cb8622eaf3cd89b7d9c09824,Salto Merchant 2FF972,4.53,GST-SP-C516D7F8
8bd0e3abda539b9479c4b44a691be1ec,Tres De Maio Merchant 8BD0E3,2.62,GST-RS-43732703
2a1348e9addc1af5aaa619b1a3679d6b,Belo Horizonte Merchant 2A1348,3.12,GST-MG-E39BC8CA
2078fe5066350e7d220c0ad3a3bbc6c1,Arapongas Merchant 2078FE,2.0,GST-PR-E02628BB
116ccb1a1604bc88e4d234a8c23f33de,Sao Bernardo Do Campo Merchant 116CCB,4.64,GST-SP-28588DB9
430315b7bb4b6e4b3c978f9dfa9b0558,Sao Paulo Merchant 430315,3.95,GST-SP-C482576E
406822777a0b9eb5c50e442dd4cd3ec5,Tatui Merchant 406822,4.3,GST-SP-5AFEF4A0
4dbd95a08b31ede5c82d3f861cb1ce1a,Curitiba Merchant 4DBD95,3.5,GST-PR-4516E088
e9e446d01bd10a97a8ffcfc4a3a20cb2,Sao Paulo Merchant E9E446,3.5,GST-SP-C36EBBC4
d52cbce9845184537284a23c3bc3da0e,Garopaba Merchant D52CBC,5.0,GST-SC-51510EAF
d9a84e1403de8da0c3aa531d6d108ba6,Sao Paulo Merchant D9A84E,4.52,GST-SP-6EC277E6
9c690ceacd5c66731bf443ea810195cb,Camanducaia Merchant 9C690C,4.3,GST-MG-7383CBFC
1f9ab4708f3056ede07124aad39a2554,Tupa Merchant 1F9AB4,4.08,GST-SP-D749FF86
1961c3e1272bfeceb05d0b78b5bbfdaf,Guarulhos Merchant 1961C3,3.33,GST-SP-E4DC64D3
d3e7d37c0df9aef383f3f2a15b0dddfb,Sao Jose Dos Pinhais Merchant D3E7D3,5.0,GST-PR-ADCDA993
ec2e006556300a79a5a91e4876ab3a56,Sao Paulo Merchant EC2E00,1.25,GST-SP-3828C212
b2a6d334e2833acea353624840e25a0e,Sao Paulo Merchant B2A6D3,4.48,GST-SP-3A6AC055
d3674f271c91f824f82d24d92011f669,Brasilia Merchant D3674F,4.1,GST-DF-0E2967D6
768de2a4fc06aacecb9a586ccc30746a,Brasilia Merchant 768DE2,4.43,GST-DF-50F98D45
a81466620e46a6970b22ef40379fdfc9,Sao Ludgero Merchant A81466,5.0,GST-SC-D77B31A2
5c030029b5916fed0986310385ec9009,Sao Jose Merchant 5C0300,4.86,GST-SC-B10EA8EE
c0f783394e37cd9c9d7f5f81141450fa,Piracicaba Merchant C0F783,3.6,GST-SP-B48DB1C4
c353f8fc0ce8344999f17d578eb69a5e,Porto Alegre Merchant C353F8,5.0,GST-RS-72662440
8444e55c1f13cd5c179851e5ca5ebd00,Congonhal Merchant 8444E5,3.26,GST-MG-0C7188AE
28a26ebce31d5918b181ede016fd693b,Belo Horizonte Merchant 28A26E,5.0,GST-MG-4A0E7239
41ab63a91b8b264e8c8780368bf1dd5b,Belo Horizonte Merchant 41AB63,4.25,GST-MG-FDABCEC0
8759e7aedd644f487315e5860962f162,Santo Andre Merchant 8759E7,3.67,GST-SP-3F2006B3
e546117ed9cafbc40239c0c78635c584,Sao Paulo Merchant E54611,4.5,GST-SP-F27A572E
d71d863e5ef30d94e440c11be17dcd8f,Osasco Merchant D71D86,2.96,GST-SP-F8906D8C
0c7533c71df861ec58ad7ff999ed0e8d,Valinhos Merchant 0C7533,4.1,GST-SP-E9F6DABB
ef990a83bbea832f36ebe81376335aa8,Joinville Merchant EF990A,3.63,GST-SC-4F9AB824
41e0fa5761c886a630994a55c12087e7,Guaruja Merchant 41E0FA,5.0,GST-SP-9F7066B6
0747d5bb69f0586cc869d8af4c50f93e,Saquarema Merchant 0747D5,3.36,GST-RJ-CB6138E3
7d294cf9a6a69dc6a0c3e540fff0e039,Barra Velha Merchant 7D294C,4.4,GST-SC-9022CBD8
c89cf7c468a48af70aada384e722f9e2,Petropolis Merchant C89CF7,4.0,GST-RJ-23E7F3DA
b7ba853e9551f4558440881fd3e5c815,Santo Antonio Da Patrulha Merchant B7BA85,1.0,GST-RS-6CF5D650
13c2ed7698b3ca92dad49e849219da59,Ponta Grossa Merchant 13C2ED,4.38,GST-PR-821C9A21
cbbd5ae8f53de5f5097cd8217b529e24,Santana De Parnaiba Merchant CBBD5A,2.5,GST-SP-7526F41A
02ecc2a19303f05e59ce133fd923fff7,Santo Andre Merchant 02ECC2,4.62,GST-SP-64EA1246
c013e57c075a06e5b5c48ee03c525719,Sao Carlos Merchant C013E5,4.24,GST-SP-0E3632F3
55f7a3319d80f7fdf078b8f03e6725fe,Osasco Merchant 55F7A3,3.77,GST-SP-2E429FAF
2d50d6282f8aa2257819a77bfaa0efe0,Ibitinga Merchant 2D50D6,3.7,GST-SP-38EE2CF0
b7e1750c1157341d2abd0251e07c186b,Sao Paulo Merchant B7E175,4.33,GST-SP-339A7F00
b90e891671cffd9557f33a97dc523645,Sao Jose Dos Pinhais Merchant B90E89,4.32,GST-PR-FE12693B
a416b6a846a11724393025641d4edd5e,Sao Paulo Merchant A416B6,4.15,GST-SP-BA8991A0
7e93a43ef30c4f03f38b393420bc753a,Barueri Merchant 7E93A4,4.21,GST-SP-DAE7E149
5206cc4bc2297c833e6061c49bf9c43f,Osasco Merchant 5206CC,1.0,GST-SP-E3A2FF1C
f410c8873029fcc3809b9df6d0b28914,Caxias Do Sul Merchant F410C8,5.0,GST-SP-D6DBC96B
ef506c96320abeedfb894c34db06f478,Sao Paulo Merchant EF506C,3.93,GST-SP-970ABBD4
a13aaf2d2886ab9fb30fb9a920160b8f,Joinville Merchant A13AAF,4.5,GST-SC-83303948
7299e27ed73d2ad986de7f7c77d919fa,Araguari Merchant 7299E2,4.42,GST-MG-27E38AF7
8a9260f2b0340411d6d2a56bcf4f7378,Contagem Merchant 8A9260,4.75,GST-MG-DF2CB74C
dedcab67899479e4ea5dcc4eba47f587,Jaragua Do Sul Merchant DEDCAB,4.5,GST-SC-77016C62
b2479f944e1b90cf8a5de1bbfde284d6,Ibitinga Merchant B2479F,3.41,GST-SP-3FF5A278
7722b1df1b0e383e000397b2c11e3e19,Sao Bernardo Do Campo Merchant 7722B1,4.23,GST-SP-B1C13915
731ef20c231d9a7103a425e83fd91271,Lages - Sc Merchant 731EF2,3.5,GST-SC-E42B2ACD
78813699ffac347fe27dba345a5f1551,Bento Goncalves Merchant 788136,5.0,GST-RS-A25305F8
3296662b1331dea51e744505065ae889,Catanduva Merchant 329666,5.0,GST-SP-FEFE0F49
411f3b52d857390502ee4e4d5ceabc2d,Ribeirao Pires Merchant 411F3B,4.11,GST-SP-2D5EC2C9
bba3293d6f5d5af2f415e004e8b93ae3,Sao Paulo Merchant BBA329,4.29,GST-SP-5ED090FE
4e7c18b98d84e05cbae3ff0ff03846c2,Jaboticabal Merchant 4E7C18,4.18,GST-SP-24A60118
b56906f7fd1696e043f1bcce164c487b,Echapora Merchant B56906,4.0,GST-SP-FBA97415
d650b663c3b5f6fb392b6326366efa9a,Cotia Merchant D650B6,4.2,GST-SP-8B6BCDAD
669ae81880e08f269a64487cfb287169,Rio Do Sul Merchant 669AE8,4.22,GST-SC-D1BA5BF6
c2d70ce2c5d0a2eb75e78668236e6dc8,Sao Paulo Merchant C2D70C,4.62,GST-SP-8AF065C9
674207551483fec113276b67b0d871ff,Sorocaba Merchant 674207,5.0,GST-SP-0EAF20DB
abe42c5d03695b4257b5c6cbf4e6784e,Rio De Janeiro Merchant ABE42C,3.92,GST-RJ-310CDFB9
1996942dc085d7773ba77a529b163cd0,Pradopolis Merchant 199694,3.9,GST-SP-1809BF14
79b93a308a97792cf53ac75f46da00b5,Rio De Janeiro Merchant 79B93A,5.0,GST-RJ-DF16215D
7cf4ea70955b00d6b3c22542598e2715,Sao Paulo Merchant 7CF4EA,5.0,GST-SP-5DBE4017
63ffcb71394dd8ea3872ed9ffda17c74,Itaborai Merchant 63FFCB,3.18,GST-RJ-3B6F8CB9
83353a83fd769dfafa4f21a72b15e3e5,Sao Paulo Merchant 83353A,3.8,GST-SP-6BB9591F
cda598c48d7c614bc1cad7d8ff6f0010,Mirassol Merchant CDA598,4.06,GST-SP-20E4725C
d4910f1cdcfdabd48d6b316e395d4a23,Santo Andre Merchant D4910F,4.91,GST-SP-81C1FAC3
709e16e2b25c7474d980076c6bfc4806,Birigui Merchant 709E16,4.52,GST-SP-B11D2956
9dc79dd988ac42f4d56c340d7048420a,Sao Paulo Merchant 9DC79D,4.75,GST-SP-7952608D
276677b5d08786d5dce7c2149dcce48b,Belo Horizonte Merchant 276677,3.91,GST-MG-8362061B
9c4d31c7e46ab03a43fc06e3142afd4e,Rio De Janeiro Merchant 9C4D31,4.5,GST-RJ-2B935D73
512d298ac2a96d1931b6bd30aa21f61d,Rio De Janeiro Merchant 512D29,4.27,GST-RJ-CB05D276
422be4cc81a457fdb46f47edeb968ae5,Ibitinga Merchant 422BE4,5.0,GST-SP-D0C40704
99cd94252748d2bdde08e17858233602,Sao Paulo Merchant 99CD94,4.5,GST-SP-61E842C8
698624c6632eeba1774924dbea24c700,Sao Paulo Merchant 698624,5.0,GST-SP-7E3D9053
8bb48dc19fccaa8613b6229bf7f452a2,Assis Merchant 8BB48D,4.42,GST-SP-03F1747A
ad87df7699e83b8a91822a4a0b765c3a,Jaguariuna Merchant AD87DF,3.83,GST-SP-00A75B72
d6b664fa0667064c6d76394e7848d790,Araraquara Merchant D6B664,4.83,GST-SP-3403C4CF
98f52e1020fe788c10c0418de4393fec,Macae Merchant 98F52E,4.0,GST-RJ-54959AC5
62760d278921b5f352461620d68a9cee,Salto Merchant 62760D,3.67,GST-SP-34C0BB7A
eb72802c83dc7547529c9546d1a9b8ef,Rio Claro Merchant EB7280,4.62,GST-SP-475D3960
3f9be91358837bff69df67edfa3e42e8,Londrina Merchant 3F9BE9,4.43,GST-PR-DD8EAFA2
1d4587203296c8f4ad134dc286fa6db0,Sao Paulo Merchant 1D4587,4.29,GST-SP-ED6A0B4C
791cfcfe22fe4a771ece27f90017da92,Ribeirao Preto Merchant 791CFC,1.5,GST-SP-0058CB61
392f7f2c797e4dc077e4311bde2ab8ce,Rio De Janeiro Merchant 392F7F,5.0,GST-RN-FF371194
0c8380b62e38e8a1e6adbeba7eb9688c,Tres Coracoes Merchant 0C8380,4.05,GST-MG-EEEBD7D1
37be5a7c751166fbc5f8ccba4119e043,Sao Paulo Merchant 37BE5A,4.3,GST-SP-8E288AC0
87d73636a3acf123e842bb890a4db036,Nhandeara Merchant 87D736,5.0,GST-SP-0CB92850
3d3ccf2b2f8134b10dce9dd446f0e075,Ibitinga Merchant 3D3CCF,3.33,GST-SP-EB7664E5
e24d3429d294b2eb200b064ebb035879,Sao Paulo Merchant E24D34,4.26,GST-SP-B6EDEAB0
44073f8b7e41514de3b7815dd0237f4f,Brasilia Merchant 44073F,3.76,GST-DF-EDC47D43
05ca864204d09595ae591b93ea9cf93d,Barueri Merchant 05CA86,5.0,GST-SP-343A56E8
9d39404483343dd55c7ae254494d8388,Sao Paulo Merchant 9D3940,3.5,GST-SP-2277DE40
f9eda05b67bef472deaddbba84aca289,Orleans Merchant F9EDA0,1.0,GST-SC-32C12D23
75745ef7bc7d4f3ea3380f6f5303f514,Brasilia Merchant 75745E,5.0,GST-DF-9B2B4FC5
0692610d8abe24f287e9fae90ea0bbee,Sao Paulo Merchant 069261,4.0,GST-SP-6C2C5E5F
7b07b3c7487f0ea825fc6df75abd658b,Sao Paulo Merchant 7B07B3,4.35,GST-SP-797FE0A3
99002261c568a84cce14d43fcffb43ea,Cuiaba Merchant 990022,3.72,GST-MT-DBF22C6E
e5899683388855d3dabe8913bbe365de,Sao Carlos Merchant E58996,4.0,GST-SP-B0632395
784ba75dd9d20200c4caed3d7a77141a,Sao Paulo Merchant 784BA7,3.86,GST-SP-E019ECD4
099095b050cfe8eb1ddff5317587e96e,Sao Paulo Merchant 099095,3.24,GST-SP-4C122874
0ad80de75c811326389cfb1daba7d45e,Rio De Janeiro Merchant 0AD80D,5.0,GST-RJ-242F5504
b9a03475e6447e631b6799ec8274800f,Formosa Do Oeste Merchant B9A034,4.2,GST-PR-1FFCB04A
ba6b4a237f92479743cf0ca06b67a9ac,Rio De Janeiro Merchant BA6B4A,4.25,GST-RJ-A642242C
ea00f977a203ff88adf7057cb7806998,Santos Merchant EA00F9,4.11,GST-SP-B11B1806
82e0a475a88cc9595229d8029273f045,Sao Paulo Merchant 82E0A4,3.52,GST-SP-B7E16C8C
ad75519a07f039025e83795a4418470f,Santa Terezinha De Goias Merchant AD7551,3.67,GST-GO-96C87EAE
34aefe746cd81b7f3b23253ea28bef39,Curitiba Merchant 34AEFE,1.0,GST-PR-09820418
ed4acab38528488b65a9a9c603ff024a,Sao Paulo Merchant ED4ACA,3.72,GST-SP-D9D773DA
f0837c8d71434931d9e38e7b79234797,Arvorezinha Merchant F0837C,4.61,GST-RS-250D1C24
fce62094ffe6a4009188ec44e681dfdd,Sao Paulo Merchant FCE620,4.0,GST-SP-E704A4EF
ebef8d8c92b4fd3226e5d407bbff21ac,Ribeirao Preto Merchant EBEF8D,2.67,GST-SP-52AAC9BE
d73cbd89533ce8b041a9190241453ac8,Guiricema Merchant D73CBD,3.5,GST-MG-6ECF98B8
75a4764c108403a7a0575140cb22287c,Caxias Do Sul Merchant 75A476,4.6,GST-RS-53C1A55B
70c0fda4c313d87115644d39e62eec60,Caruaru Merchant 70C0FD,5.0,GST-PE-5F77F1AB
ffcfefa19b08742c5d315f2791395ee5,Curitiba Merchant FFCFEF,1.0,GST-PR-6FB1DC3F
26e13b6ff5b641b329e5524241ee2c93,Franca Merchant 26E13B,4.0,GST-SP-A183C39B
0ade5cc4a305ed7093a23f68ca47519c,Curitiba Merchant 0ADE5C,5.0,GST-PR-AF464023
fc59392d66ef99377e50356ee4f3b4e1,Salvador Merchant FC5939,3.6,GST-BA-2E29A4A7
b18dc380845b24038cfc48006478f099,Diadema Merchant B18DC3,4.14,GST-SP-C148C142
f22a247b79dd22ecd91dc8e3b2a1b07c,Itaquaquecetuba Merchant F22A24,4.0,GST-SP-B94AB00B
889009a0ed0bb52c87819941192931b8,Lencois Paulista Merchant 889009,4.0,GST-SP-EA409085
ffc470761de7d0232558ba5e786e57b7,Guarulhos Merchant FFC470,4.44,GST-SP-C61163BD
4c498c7345e89aebad651544829beca0,Carapicuiba Merchant 4C498C,4.29,GST-SP-1C68A4EE
01bcc9d254a0143f0ce9791b960b2a47,Uruacu Merchant 01BCC9,4.4,GST-GO-6372E706
f021c962aaba8ef6eb527a9c2c8394d1,Itajai Merchant F021C9,4.2,GST-SC-B1FB8E0F
024b564ae893ce8e9bfa02c10a401ece,Sao Paulo Merchant 024B56,4.5,GST-SP-8EC905C6
a513150f33f99a06569e9cd5c4bb889b,Sao Paulo Merchant A51315,4.33,GST-SP-0D4E4804
c1dde11f12d05c478f5de2d7319ad3b2,Sao Paulo Merchant C1DDE1,1.0,GST-SP-ABC22CE2
02f5837340d7eb4f653d676c7256523a,Curitiba Merchant 02F583,4.83,GST-PR-EDA6D542
7b98de631987e26dd6d803490c43a13c,Loanda Merchant 7B98DE,4.62,GST-PR-686C5786
f12ff17ad8bbf01ec5c33b17e506649b,Sao Paulo Merchant F12FF1,3.83,GST-SP-C18E57C1
a64e44665225d19dfc0277eeeaaccc57,Sao Paulo Merchant A64E44,5.0,GST-SP-76C918CF
6a8a889bde935bafa76d7848782dfaf9,Sao Paulo Merchant 6A8A88,4.04,GST-SP-DCD84A56
42b6488f5b8246d9141712abd4b1b693,Maringa Merchant 42B648,4.0,GST-PR-E6AF34E6
d6cd01c59123df02fc226eadbadb5f89,Sao Paulo Merchant D6CD01,3.0,GST-SP-0041A31E
c8e135e7b21ecbc36c1153a29d2f5a06,Sao Paulo Merchant C8E135,4.86,GST-SP-D8E66E8B
229c3efbfb0ea2058de4ccdfbc3d784a,Belo Horizonte Merchant 229C3E,3.62,GST-MG-27A1B662
f9a02f1922d1de564392e656d82b3fda,Ferraz De Vasconcelos Merchant F9A02F,4.0,GST-SP-73E42C08
9523fb39dd240aa958e040f8183d64f3,Sao Paulo Merchant 9523FB,1.0,GST-SP-5759BD8D
95ec4458365c4d11f452ccf538377619,Limeira Merchant 95EC44,4.62,GST-SP-74316DDA
6ec1a01e866584bb679eb9b098345919,Santos Merchant 6EC1A0,4.13,GST-SP-44127E48
f6122bc84774df1b372bdb3bb88ddb9f,Barueri Merchant F6122B,3.67,GST-SP-58C54B87
fa40cc5b934574b62717c68f3d678b6d,Sao Paulo Merchant FA40CC,4.46,GST-SP-A8A2983A
623ad9d0c1e14bb5464a8c72bff7b4af,Claudio Merchant 623AD9,4.0,GST-MG-0EAE6068
c0098efcf800861dcae589affca31408,Ribeirao Preto Merchant C0098E,4.78,GST-SP-FD3C0EBF
a63bfbaa882c8f4542891b4e2246cc7f,Niteroi Merchant A63BFB,4.43,GST-RJ-5F1D83AD
48b6c3f4c6a93171da04b75313f2130f,Osvaldo Cruz Merchant 48B6C3,5.0,GST-SP-6CA1E9E3
270d3ef21830ad0ecf3a6c53d08a533a,Carapicuiba Merchant 270D3E,2.33,GST-SP-A82EA21A
89c127985a8b130cfa45c1d36764017a,Osasco Merchant 89C127,3.0,GST-SP-3078586F
8b2492b7ff4468839593fafeed55bad9,Sao Goncalo Merchant 8B2492,4.17,GST-RJ-175F2B9F
1e9d5a33694bddb76316fd1f54734d20,Jaciara Merchant 1E9D5A,4.5,GST-MT-3BEF4991
5e49e3a44bdeb5aab2684258bbd4f525,Balenario Camboriu Merchant 5E49E3,4.67,GST-SC-AFF79010
8e34331b7eedd03be4e5d965c1956225,Sao Paulo Merchant 8E3433,4.8,GST-SP-77AC6562
aaed1309374718fdd995ee4c58c9dfcd,Timbo Merchant AAED13,4.07,GST-SC-03B80B66
11d4c477d09821164bca4f70a2eae031,Ribeirao Preto Merchant 11D4C4,5.0,GST-SP-E731F8B5
ff314fa6033cc68ec451c47aee2d6ba4,Sao Paulo Merchant FF314F,5.0,GST-SP-DF66BF1F
d1c7fa84e48cfa21a0e595167c1c500e,Jacutinga Merchant D1C7FA,4.33,GST-RS-2EE8B2DE
c7246702dc991a06d788120dc7544391,Fortaleza Merchant C72467,5.0,GST-CE-B04E2F50
e819bcfade7b5d88a27325eb6cfd62c5,Guarulhos Merchant E819BC,4.2,GST-SP-8258D5B3
6d2f2e3b539480db1e0842b3a4e32e6e,Guarulhos Merchant 6D2F2E,3.67,GST-SP-0FE7112E
e88165a185134e13fdfc85d4fa654db8,Ferraz De  Vasconcelos Merchant E88165,3.0,GST-SP-DF65E6AE
9e6229250fedbe05838fef417b74e7fb,Mirandopolis Merchant 9E6229,3.89,GST-SP-6B8CC251
5abb8ea023c77787f2c15da891c8d384,Joinville Merchant 5ABB8E,3.92,GST-SC-F511EB39
1d953075c2f0dd990bacf27b83b330f1,Belo Horizonte Merchant 1D9530,5.0,GST-MG-B6517698
817245bcc3badd82bbd222e0366951a6,Bauru Merchant 817245,4.0,GST-SP-478BC062
caa9bc43a9fe8cf9c564ddd8a03cc4a6,Jacarei Merchant CAA9BC,4.67,GST-SP-E2BDFC16
615005a3ef192c00c6f0e977cee3d2bc,Itu Merchant 615005,3.8,GST-SP-71B15744
1284de4ae8aa26997e748c851557cf0e,Laranjeiras Do Sul Merchant 1284DE,2.67,GST-SP-A976CEBE
5fd924b4836098a5be0ecf81ba054ce0,Sao Paulo Merchant 5FD924,4.0,GST-SP-E94084A6
7178f9f4dd81dcef02f62acdf8151e01,Videira Merchant 7178F9,4.04,GST-SC-9F90D912
8132b9bd16876e1b0f8808d43825dd48,Florianopolis Merchant 8132B9,3.0,GST-SC-EC9C1391
3f995f07c49d0d55a99d5c54957f7d81,Itapecerica Da Serra Merchant 3F995F,4.21,GST-SP-F9CE7753
a6bd7d1ccdac48c6b33b28596b7eb122,Mamanguape Merchant A6BD7D,3.33,GST-PB-A518CC6A
6650fcccd8cd2f7e55ffa524f30c4c59,Sao Paulo Merchant 6650FC,2.67,GST-SP-7913FB7B
3db66a856d18a9cba7c9241fc5221c50,Ponte Nova Merchant 3DB66A,4.18,GST-MG-0CD60FF2
8b181ee5518df84f18f4e1a43fe07923,Goioere Merchant 8B181E,5.0,GST-SP-7C489DA7
10ff823eda2b032e2c93d17a7d294736,Pederneiras Merchant 10FF82,3.89,GST-SP-F2D86200
b4a476fbd28de64b1e347abf9089366a,Itapevi Merchant B4A476,3.84,GST-SP-B85BCBED
39c763cca83e654764b7a4a650fb9b7c,Goiania Merchant 39C763,3.82,GST-GO-8E0A5659
dadc51ef321949ec9a3ab25cd902e23d,Sao Paulo Merchant DADC51,1.0,GST-SP-53737124
83b08de96980757220871b31bf6cffca,Rio De Janeiro Merchant 83B08D,4.0,GST-RJ-F63CAB93
14a08204d03bb6b6bde8029f801ae0eb,Sao Paulo Merchant 14A082,3.89,GST-SP-D13DDF68
bee36b4f9a2b9fdcaff6ec05df202ed0,Sao Paulo Merchant BEE36B,3.0,GST-SP-9496F521
28872dc528e978a639754bc8c2ce5a4c,Caxias Do Sul Merchant 28872D,5.0,GST-RS-9966A02C
c85d7b477a709c85a1e8b8f25aa1b270,Sao Bernardo Do Campo Merchant C85D7B,1.0,GST-SP-A3215E72
739c7d7be81f63812dea0d1b1451c651,Campina Grande Merchant 739C7D,4.0,GST-PB-E0AAAAB0
657969cca82e884d272385ec0ef06edd,Estancia Velha Merchant 657969,4.67,GST-RS-8312F1D8
455befea1bb853c75ccbca94cff26e5c,Resende Merchant 455BEF,3.0,GST-RJ-2B9E1CAA
800214c63934acd05d47e84214db8ba8,Jaragua Do Sul Merchant 800214,5.0,GST-SC-B872549B
5cf1ec37aea089f45110c70653a166ab,Sao Paulo Merchant 5CF1EC,3.67,GST-SP-632FA58C
0a82f5fb06a4fe4ac2cf7cb412ec71b8,Sao Paulo Merchant 0A82F5,5.0,GST-SP-3B50C08B
e45edf75f568ed2f93f78d060e246e25,Rio De Janeiro Merchant E45EDF,4.17,GST-RJ-1502C3DA
3d621842b2ed28e2b474132480edac3c,Sao Paulo Merchant 3D6218,3.9,GST-SP-A0897FB1
baf15155e37ef5492731459bdc05be8a,Sao Paulo Merchant BAF151,5.0,GST-SP-DFB758A2
c0aff2da32c17759d30b22fb0af6649d,Florianopolis Merchant C0AFF2,3.75,GST-SC-CB3717F2
a17f621c590ea0fab3d5d883e1630ec6,Sorocaba Merchant A17F62,4.06,GST-SP-B1D9A2ED
4deebb3199eeafb282ae33229144f94b,Sao Paulo Merchant 4DEEBB,4.0,GST-SP-E92FA835
9d69ba0a7a626a64dc5db08e529559cf,Ribeirao Preto Merchant 9D69BA,5.0,GST-SP-020E65E6
f92d8c817434bd2d84d4e9c61322b7fa,Sorocaba Merchant F92D8C,4.6,GST-SP-95249113
8ca5b19e0263150d2c57afdde2b3d011,Maua Merchant 8CA5B1,4.67,GST-SP-BF75B38B
eec3469d83e142f9a104886655338c37,Bauru Merchant EEC346,4.5,GST-SP-7BDDB174
55bb6fe5bebe5012e2d7d9928e1128ff,Bauru Merchant 55BB6F,3.47,GST-SP-F73ED83D
d180e07dc1e58c31c3f0cd599dc4d945,Belo Horizonte Merchant D180E0,3.0,GST-MG-2A7ED187
d6b1ce66b035a475f00c017792ff9769,Salto Merchant D6B1CE,4.28,GST-SP-EDDA6545
3aa3c89ae3cd482385568be76120f63c,Goiania Merchant 3AA3C8,4.0,GST-GO-0C015275
fe4cd9461203cee790d36792420b310f,Caratinga Merchant FE4CD9,4.0,GST-MG-09AD1253
c3aad7dc65449ae90a5e9c3c6c1e78e0,Auriflama/Sp Merchant C3AAD7,4.67,GST-SP-5F964B55
f5fea3ffed6c2e889bab72705557c63a,Rio De Janeiro Merchant F5FEA3,3.67,GST-RJ-4598A1DC
ececbfcff9804a2d6b40f589df8eef2b,Franca Merchant ECECBF,4.12,GST-SP-CAAB6E0C
a254c682cc01e119f83530446f1df9a9,Cafelandia Merchant A254C6,4.0,GST-SP-FD13D078
830379336fad8c6f3b15a4a3ddb5c66e,Sao Paulo Merchant 830379,4.5,GST-SP-B699B323
7d13fca15225358621be4086e1eb0964,Ribeirao Preto Merchant 7D13FC,4.02,GST-SP-D4A6B774
1b4c3a6f53068f0b6944d2d005c9fc89,Sao Ludgero Merchant 1B4C3A,4.22,GST-SC-9E14EE38
b92e3c8f9738272ff7c59e111e108d7c,Uba Merchant B92E3C,4.17,GST-MG-4DFFACA4
b8555308bfdb4ca1ed54325a58da9a97,Sao Bernardo Do Campo Merchant B85553,4.0,GST-SP-95C7C46A
71593c7413973a1e160057b80d4958f6,Sao Paulo / Sao Paulo Merchant 71593C,3.0,GST-SP-BF713C62
1dc2de47ee26a0a5b12dc14fd6dc0dea,Ibitinga Merchant 1DC2DE,4.56,GST-SP-2886E4B8
6c6e3d67f969468f3bfd33f827a31222,Maringa Merchant 6C6E3D,4.8,GST-PR-6A6E098A
66d5ae34537110d3affc56174dad2b2f,Sao Jose Do Rio Preto Merchant 66D5AE,1.0,GST-SP-333FA889
781a66c0d89e30814d49fe8b5e14cd07,Campinas Merchant 781A66,1.0,GST-SP-E0943A4A
a4bd6e9adf39b63f43dc545d3ca1f53d,Rio De Janeiro Merchant A4BD6E,4.5,GST-RJ-DB3743D2
f88adb15807168d3c43d71021090ce4a,Porto Ferreira Merchant F88ADB,3.33,GST-SP-3C192DE0
fa8d335d68129e464e60c1826a683e96,Tres Coroas Merchant FA8D33,4.0,GST-RS-5788EFA0
f12d3c2a14729ae461b920c11fe20fdc,Santo Andre Merchant F12D3C,4.44,GST-SP-2EDCB7E9
4917cee8d902e13428c3ec4b1ca6f315,Blumenau Merchant 4917CE,4.16,GST-SC-A5122315
741f8c587cb4248ebc5b779a0e8e0e51,Santo Andre Merchant 741F8C,4.0,GST-SP-CAC4B471
4bcec44888b30ba9001234c534716d3f,Santo Andre Merchant 4BCEC4,4.6,GST-SP-74AF8201
a663d9c3797e90eac99ff60939416a56,Sao Paulo Merchant A663D9,5.0,GST-SP-FABEDD10
dff87e4de60c9736ce8df835951b09bc,Sao Paulo Merchant DFF87E,2.5,GST-SP-B4E2E2C5
ac1ed5fc15901fbc92920361eb4ab350,Sao Paulo Merchant AC1ED5,1.0,GST-SP-50CBFD15
f9903dd0f812c7e771fcad47b6fff231,Blumenau Merchant F9903D,3.2,GST-SC-8D21AD66
ac9b01377919cdbd2a1bbb8d5837c70b,Mogi Das Cruzes Merchant AC9B01,3.0,GST-SP-F57C467D
5011f0d93373a4c5753adf58ca77af8d,Santos Merchant 5011F0,3.83,GST-SP-6D3F5AE0
a4e634166243bbb3a13fa584463fa468,Osasco Merchant A4E634,2.0,GST-SP-D2ADA906
50bf89f1349bc0409a268c3a49678009,Jaci Merchant 50BF89,5.0,GST-SP-5BE4922C
50c9975695009e5e6473912e83a6d1da,Claudio Merchant 50C997,3.94,GST-MG-392F70C4
42d4b7e70819438f5ada61c965e92d7e,Goiania Merchant 42D4B7,1.0,GST-GO-A371410C
7aa4334be125fcdd2ba64b3180029f14,Laranjal Paulista Merchant 7AA433,4.1,GST-SP-C4999D65
b14db04aa7881970e83ffa9426897925,Sorocaba Merchant B14DB0,3.71,GST-SP-2F2A855F
fac1a9017ade7bdc94058fc1c969f355,Sao Paulo Merchant FAC1A9,4.67,GST-SP-DFFAE315
31ae0774c17fabd06ff707cc5bde005f,Americana Merchant 31AE07,4.0,GST-SP-DA4F1D21
f0ec6a2adb05c62655a26dd347b8dede,Sao Paulo Merchant F0EC6A,1.0,GST-SP-28FC3EBD
cc1f04647be106ba74e62b21f358af25,Sao Paulo Merchant CC1F04,1.0,GST-SP-BE590BDB
1099a00e0ee3a50935e6c2447ca090c5,Rio De Janeiro Merchant 1099A0,3.67,GST-RJ-1D326CC7
3d700782d7818f2c1e0d7a9e9d75fc00,Sertanopolis Merchant 3D7007,3.67,GST-SP-BE20A355
a3e9a2c700480d9bb01fba070ba80a0e,Ibitinga Merchant A3E9A2,3.98,GST-SP-FA0F19E9
c3f5668699a1b04c0fa61ecea1e2bff6,Apucarana Merchant C3F566,5.0,GST-PR-BB341541
80f2cf9abf6b5a0e5c612b5eea6646e6,Sao Jose Do Rio Preto Merchant 80F2CF,4.43,GST-SP-ADBA4C91
516e7738bd8f735ac19a010ee5450d8d,Rio De Janeiro Merchant 516E77,4.57,GST-RJ-2A6CAF2B
4fe2f67634d00c021aa01f96b6f2d68e,Maringa Merchant 4FE2F6,5.0,GST-PR-6F33D2EB
9f505651f4a6abe901a56cdc21508025,Sao Paulo Merchant 9F5056,4.34,GST-SP-BEE30F54
17adeba047385fb0c67d8e90b4296d21,Guarulhos Merchant 17ADEB,1.0,GST-SP-4E47CB14
7142540dd4c91e2237acb7e911c4eba2,Penapolis Merchant 714254,4.03,GST-SP-F8D45810
c04d70d515d15a7e3db3a73320598566,Niteroi Merchant C04D70,5.0,GST-RJ-A50296D6
a3a38f4affed601eb87a97788c949667,Joinville Merchant A3A38F,4.39,GST-SC-3473C8ED
744dac408745240a2c2528fb1b6028f3,Colombo Merchant 744DAC,4.57,GST-PR-C2B96B72
9b013e03b2ab786505a1d3b5c0756754,Vicente De Carvalho Merchant 9B013E,4.16,GST-SP-709D3706
8b9d6eec4a7eb7d0f9d579ce0b38324d,Mesquita Merchant 8B9D6E,4.0,GST-RJ-BB059C8A
38e679b9e0064cd94c6f035707344dae,Londrina Merchant 38E679,4.0,GST-PR-D83EAA17
5444b12c82f21c923f2639ebc722c1ea,Sao Pauo Merchant 5444B1,4.0,GST-SP-ADF25FA1
83deb69e889cf80f82be1dc6d5f2d486,Florianopolis Merchant 83DEB6,4.33,GST-SC-F9C55C27
54aa8463e87776b5612f4bdc4bd5d4de,Belo Horizonte Merchant 54AA84,3.86,GST-MG-5492A745
2e7ea2aafec5835e781b21d6d1faf1f1,Sao Paulo Merchant 2E7EA2,4.5,GST-SP-C33E5B8F
79ebd9a61bac3eaf882805ed4ecfa12a,Cascavel Merchant 79EBD9,4.04,GST-PR-95826CD8
1cbd50a8c52e6cf8e315c5709fab386f,Fazenda Rio Grande Merchant 1CBD50,3.78,GST-PR-36D3EBD5
e503f22be6a4f456d9851920a5d9c670,Sao Paulo Merchant E503F2,4.0,GST-SP-C2416721
88af55b4a7ca402b27df16f7c7c9b5d2,Taboao Da Serra Merchant 88AF55,1.0,GST-SP-2657C808
5f3ae9136c875522250f8184f253413a,Sao Paulo Merchant 5F3AE9,4.64,GST-SP-8CA30049
b026643914f651e8371425e5b8a1e780,Rio De Janeiro Merchant B02664,5.0,GST-RJ-61210DE3
26af45f5dfd967225a832838aa4e24a3,Curitiba Merchant 26AF45,4.1,GST-PR-7EAFF1BD
9dd459b29a14bf89d47183cf2cd0e4c7,Sao Paulo Merchant 9DD459,5.0,GST-SP-5970979C
8e6d7754bc7e0f22c96d255ebda59eba,Sao Jose Dos Campos Merchant 8E6D77,3.61,GST-SP-E90E2357
e250d617a0ad591ba9bd663e584a895d,Guarulhos Merchant E250D6,3.5,GST-SP-0832A524
92c8bc6e8f925792247656fed09aad65,Sao Paulo Merchant 92C8BC,2.33,GST-SP-ADA86334
e53d5b9b29d1218281f4a907ada18626,Toledo Merchant E53D5B,4.75,GST-PR-6EAA9E65
3ca08eeb8d5595949fed424bd3677742,Curitiba Merchant 3CA08E,4.43,GST-PR-4D85866F
cbd996ad3c1b7dc71fd0e5f5df9087e2,Sao Jose Do Rio Preto Merchant CBD996,4.15,GST-SP-594F4F34
8daab2245ebdc277c51098d01c5ad8ef,Sao Paulo Merchant 8DAAB2,4.62,GST-SP-25173B4F
15b3b1b81484422eb41df68ac87f1f50,Bauru Merchant 15B3B1,1.0,GST-SP-A90E8FDE
e067ad2c1c0b48758eb1b5228bcf7a68,Santos Merchant E067AD,4.15,GST-SP-F42C4C7B
f626e15b7314c267e4429010866f70e9,Marechal Candido Rondon Merchant F626E1,3.8,GST-SP-7414315F
f1fd5ab1181f827ffad998c1a5de7d74,Curitiba Merchant F1FD5A,4.67,GST-PR-5A24439A
a7c88262832dfc683781d6a421edefae,Mogi Das Cruzes Merchant A7C882,4.2,GST-SP-B3198DD2
6b1c4d4d9ccf0be3d8544eb0e71e5318,Porto Alegre Merchant 6B1C4D,5.0,GST-RS-AB2A66C9
4e85b538b0dad58852641540686d0e14,Sao Jose Dos Campos Merchant 4E85B5,3.75,GST-SP-AD1874E9
093805f8f2aeb63881444571e1f48f30,Osasco Merchant 093805,4.18,GST-SP-6E428358
5acd070dd3fe441bbb2ec1f1ede515ee,Jundiai Merchant 5ACD07,3.0,GST-SP-00DAAE4B
3c010235b7345c92f125d14ee232a76b,Mandirituba Merchant 3C0102,4.67,GST-PR-0117B4AC
cb9fb4ca75d7ba8437480e8dde64fe98,Sao Paulo Merchant CB9FB4,4.0,GST-SP-AB077629
ce33c6211beaa8fef4cae8b52db39862,Suzano Merchant CE33C6,3.0,GST-SP-8B63D8C4
081acf3de680d554796c9cf041be7bc2,Vespasiano Merchant 081ACF,3.25,GST-MG-1906A380
6989574bd97d9773f10d232b6c07da59,Curitiba Merchant 698957,4.86,GST-PR-64D293ED
535bf14f36346c7f59d87cece104d70c,Rio De Janeiro Merchant 535BF1,4.0,GST-RJ-8B5376E3
8501d82f68d23148b6d78bb7c4a42037,Blumenau Merchant 8501D8,1.0,GST-SC-E4C61779
7f02656561b680def9986c0795a8a080,Sao Paulo Merchant 7F0265,3.0,GST-SP-280856F5
57a834594e1e9e9219603bfec184eadc,Santa Rosa Merchant 57A834,5.0,GST-RS-84F220FF
8fd3b4468f6425810648177996c14cbd,Sao Jose Do Rio Preto Merchant 8FD3B4,5.0,GST-SP-D5CCD789
6d803cb79cc31c41c4c789a75933b3c7,Sao Joaquim Da Barra Merchant 6D803C,4.25,GST-SP-3E48F794
5f2684dab12e59f83bef73ae57724e45,Sao Paulo Merchant 5F2684,3.81,GST-SP-08F8FA78
713e3a23ca5e47786eb6f0d99f94cfac,Curitiba Merchant 713E3A,4.75,GST-PR-77496B73
f97e2b0650c2068227e1d366140eb62f,Santo Antonio De Posse Merchant F97E2B,4.0,GST-SP-80288C33
8b321bb669392f5163d04c59e235e066,Sao Paulo Merchant 8B321B,4.07,GST-SP-0736ABAD
32f83ffe11cd40f7adcf4eef171f52d9,Uruguaiana Merchant 32F83F,5.0,GST-RS-8BBB8024
76d64c4aca3a7baf218bf93ef7fa768d,Curitiba Merchant 76D64C,4.23,GST-PR-B139C023
d06d019f72a04e5497a0b64190af170c,Cotia Merchant D06D01,4.53,GST-SP-23F475FE
ec80e49e69745ab6c14f984bf2149423,Limeira Merchant EC80E4,4.0,GST-SP-D8E1F953
f8f35af4634605e6693c17cc3ffff5a8,Campanha Merchant F8F35A,5.0,GST-MG-E5B267D6
004c9cd9d87a3c30c522c48c4fc07416,Ibitinga Merchant 004C9C,4.14,GST-SP-5B1FAAA2
3bdff180c7e1f6551a643b99c265a120,Sao Paulo Merchant 3BDFF1,4.09,GST-SP-725DACCF
6b89abe95848c850399130d149a39b63,Piracanjuba Merchant 6B89AB,4.38,GST-GO-9C799B1E
aced59e9b31ef866a94f9e7f29d8d418,Sao Paulo Merchant ACED59,4.42,GST-SP-90CA0673
b4f8921fcc4ff77b66bea6dda43dcd51,Caxias Do Sul Merchant B4F892,4.56,GST-RS-BBE9538D
d2572f31e9023e9850ef986a636ff9bf,Belo Horizonte Merchant D2572F,5.0,GST-MG-C489733C
c731d18cea9bf687ffee82a241c25b11,Concordia Merchant C731D1,4.22,GST-SC-9AD872D9
3dc69bf2c42f0568a5c4791ec3fd3745,Sao Paulo Merchant 3DC69B,4.0,GST-SP-BFB188A4
d8d9567d0bfb0bc7eb845a205ba42657,Sao Paulo Merchant D8D956,3.5,GST-SP-F7E40B20
0daf5180aa44356f60f8effa533b55a2,Goiania Merchant 0DAF51,5.0,GST-GO-E4517C0F
5194c22ed1f616ec0c0f33c571542879,Santa Rita Do Sapucai Merchant 5194C2,4.25,GST-MG-CBC3C723
fe8055980a4ff7f64ed889c2b5926929,Curitiba Merchant FE8055,4.67,GST-PR-F528EEDA
c42fd8e4d47dfb18ce5222f2dd7752f9,Osasco Merchant C42FD8,3.8,GST-SP-8BCFCDC6
671585f5a2af58b6e276bc01003c0d2b,Curitiba Merchant 671585,4.7,GST-PR-921F73CF
2dd1fb6f0e42a2243b8a01e40cd41216,Curitiba Merchant 2DD1FB,3.0,GST-PR-731787A7
a7c53f6b3b61adbdaa99dda97e8cbd56,Barretos Merchant A7C53F,4.0,GST-SP-0A515640
a11a0e0ca67423425691db355cff69b0,Indaiatuba Merchant A11A0E,5.0,GST-SP-EF3A33E0
5bffbafbb22daf6d3bfc216a46db8708,Nilopolis Merchant 5BFFBA,4.76,GST-RJ-750C02F9
fc0b214b59a83615fea981c6424a02ae,Maua Merchant FC0B21,5.0,GST-SP-FC6FDC04
011b0eaba87386a2ae96a7d32bb531d1,Pompeia Merchant 011B0E,4.0,GST-SP-FAACC343
43753b27d77860f1654aa72e251a7878,Barro Alto Merchant 43753B,5.0,GST-BA-2D2868DD
822b63912576852aea9a8436d72317b7,Mogi Guacu Merchant 822B63,3.88,GST-SP-7AACED6D
a3fa18b3f688ec0fca3eb8bfcbd2d5b3,SãO Paulo Merchant A3FA18,5.0,GST-SP-4280284B
5587130f9850696ed7fafbc91c2cee44,Sao Paulo Merchant 558713,5.0,GST-SP-6135343C
9c1c0c36cd23c20897e473901a8fb149,Praia Grande Merchant 9C1C0C,5.0,GST-SP-B7D7A376
34a557286ead8fe75c989e0afcf7d98c,Franca Merchant 34A557,4.75,GST-SP-F2ABDA33
c716e0b86ed568878475b60fbb6323ad,Rio De Janeiro Merchant C716E0,5.0,GST-SP-AEA90BC3
455c5640e8c5bd1b2ee85c0158f85727,Luiz Alves Merchant 455C56,4.5,GST-SC-19F4C5B3
87d30a6a0cbf89356e49324971ab1d24,Sao Paulo Merchant 87D30A,4.35,GST-SP-E2B1B001
217f005bb37ff3aeef5b2ae1788e75ba,Osasco Merchant 217F00,3.75,GST-SP-7CE28B86
cac4e0bc1a3269fa2b6ea5e763f6115b,Brusque Merchant CAC4E0,5.0,GST-SC-561FFA19
8ec76bb0965af3f007692b26fa9d6623,Criciuma Merchant 8EC76B,5.0,GST-SC-06B62F22
aba1721a889e04decc910aa13b768ef4,Sao Paulo Merchant ABA172,4.45,GST-SP-846B7210
7238f877570096ae403c51898fa64566,Santana De Parnaiba Merchant 7238F8,5.0,GST-SP-12E0701B
044668ccd5316b12a7cf0d54a156e3e9,Osasco Merchant 044668,5.0,GST-SP-BC1F2234
643c01d7c56a724bec0454f4780e8a3e,Joinville Merchant 643C01,4.5,GST-SC-53BE2E19
cab85505710c7cb9b720bceb52b01cee,Sao Paulo Merchant CAB855,4.28,GST-SP-3237C8D3
312ba1d77e9c332ef21f9598b7f64cd7,Guarulhos Merchant 312BA1,3.0,GST-SP-01A041C9
8c3b533c63cca56240f94f1e3a6b18ef,Belo Horizonte Merchant 8C3B53,1.5,GST-MG-9AC2E50D
1fdc574883ef3b33ad41562d93f3a74a,Limeira Merchant 1FDC57,4.44,GST-SP-6C204BAE
9a03a4e9eb0b947652fae4f6121a3f5e,Catanduva Merchant 9A03A4,3.86,GST-SP-8F4AE7C8
33cbda8716511e27e556dff9d8418bf2,Blumenau Merchant 33CBDA,4.8,GST-SC-E3370879
6cd68b3ed6d59aaa9fece558ad360c0a,Belo Horizonte Merchant 6CD68B,4.46,GST-MG-A27C5D49
3df020b72d3d44b3af9d110fa3940b65,Jales Merchant 3DF020,4.05,GST-SP-98D8DAF7
537eb890efff034a88679788b647c564,Rio De Janeiro Merchant 537EB8,4.22,GST-RJ-1E11985A
89de2d6f23e9746ff309705b23581faa,Londrina Merchant 89DE2D,2.71,GST-PR-FCBB45B3
c611f4ce9ce875bcc063fa97fd4d7d12,Atibaia Merchant C611F4,4.0,GST-SP-B67CD1FC
4be2e7f96b4fd749d52dff41f80e39dd,Rio Branco Merchant 4BE2E7,1.0,GST-AC-8F0F8F2D
3bfba5a77604f6dfae7e6dd7aaf65821,Londrina Merchant 3BFBA5,5.0,GST-PR-3911804F
48fb026ed7455a42f5d3e9390ed5088e,Barra Mansa Merchant 48FB02,2.64,GST-RJ-6A949208
0d33a55da925bbf1ff02af5f6059fc7f,Sao Paulo Merchant 0D33A5,4.48,GST-SP-36894163
cea729054f157f5870bdd321a958d994,Sao Paulo Merchant CEA729,4.12,GST-SP-EE89C838
955fee9216a65b617aa5c0531780ce60,Sao Paulo Merchant 955FEE,4.16,GST-SP-DBFDF101
0f0c984a4a955310903b6b6008660bad,Franca Merchant 0F0C98,3.75,GST-SP-DF95C47A
f805b96fa705ba7995a221f1749dc141,Maringa Merchant F805B9,4.43,GST-PR-2AA729F7
751bdc4d83a466c7206cd42e8f426b03,Ribeirao Pires Merchant 751BDC,3.75,GST-SP-182A7764
2f4b0d3b9634b647d4edee577d7ebb7e,Sao Paulo Merchant 2F4B0D,4.9,GST-SP-44AE6F68
ba5daa4041e1f15cdf34b76e3e18a450,Sao Paulo Merchant BA5DAA,4.27,GST-SP-02B60B40
6e386f64c84e482f0b9abf960797ee1b,Sao Paulo Merchant 6E386F,4.61,GST-SP-25D2D32A
83c465a786b06574376909b35ef6752a,Sao Carlos Merchant 83C465,5.0,GST-SP-05BBEEC9
d93b8458c6fe139d85cfa5eadbf55bd2,Sao Paulo Merchant D93B84,5.0,GST-SP-38483853
71592660bbcb6a4664e97b6f8b68babc,Sao Jose Do Rio Preto Merchant 715926,4.33,GST-SP-1DB21A7E
6a53b90c3ad9e0b56d9fe5c69165fff5,Curitiba Merchant 6A53B9,3.5,GST-PR-9404226C
38f276ca6e7cc95a6d1bb55ac9e5550f,Marilia Merchant 38F276,5.0,GST-SP-0CA80B57
eae9af4811c294c56795d70e715b7337,Sao Paulo Merchant EAE9AF,5.0,GST-SP-A3A5F041
039b29ff3b3473435d0cd59040575de9,Ribeirao Pires Merchant 039B29,4.44,GST-SP-EDDE72EA
ac51cac5e20d69ff485a54746488ef48,Ribeirao Preto Merchant AC51CA,3.5,GST-SP-11B76347
4221a7df464f1fe2955934e30ff3a5a1,Bahia Merchant 4221A7,4.8,GST-BA-1AB92CAF
48e954b2da4f6a750c844173b347ed40,Porto Alegre Merchant 48E954,4.5,GST-RS-78786589
fc4751cfe3b279c419615b9b00c1abb4,Londrina Merchant FC4751,5.0,GST-PR-0ECB0A13
e1a210d482714ce337763a19aef94ba4,Cascavel Merchant E1A210,1.0,GST-PR-FAB16913
085f6f7e049c996695fb2074fe38d45e,Taubate Merchant 085F6F,4.0,GST-SP-87F26F9E
34675b28b826facfde119785bf287dc1,Cascavael Merchant 34675B,4.0,GST-PR-26783957
7d7866a99a8656a42c7ff6352a433410,Sao Paulo Merchant 7D7866,4.4,GST-SP-97E8AFC3
5a93f3ab0ef4c84ed5e1b5dbf23978bc,Monteiro Lobato Merchant 5A93F3,4.69,GST-SP-E494B3AC
64cc804291f90c81f02bfc2bb58ff55a,Curitiba Merchant 64CC80,5.0,GST-PR-9EE9EC2F
5f57db27027655e6c6a391601daa0258,Viana Merchant 5F57DB,5.0,GST-ES-E61B0BAC
e1b12447a7563944843191754aeb5562,Guarulhos Merchant E1B124,4.44,GST-SP-6F0AEA01
2f3d8b4c9e2ee165075331fea3f3095a,Sao Jose Merchant 2F3D8B,5.0,GST-SC-11662A2B
1fe5540d7c1c37a595fefbacd5570d9e,Paraiba Do Sul Merchant 1FE554,4.3,GST-RJ-A5A4FD2C
d3f39f05462b79a4562d35893a28f159,Mococa Merchant D3F39F,3.65,GST-SP-299C48EF
528ce32f560edd11add4169f6a5b65be,Sao Roque Merchant 528CE3,5.0,GST-SP-0B350242
b86a47b3366e3b5424a7b225781f4908,Passos Merchant B86A47,3.0,GST-MG-A7B43D4C
0176f73cc1195f367f7b32db1e5b3aa8,Ibitinga Merchant 0176F7,4.08,GST-SP-9BD0FBBC
01cf7e3d21494c41fb86034f2e714fa1,Francisco Beltrao Merchant 01CF7E,4.15,GST-PR-E5FBFEF6
ceaec5548eefc6e23e6607c5435102e7,Sao Paulo Merchant CEAEC5,4.15,GST-SP-3BBFB12A
c8771b1a10bb99bb34d3c459c5cffb53,Tocantins Merchant C8771B,5.0,GST-SP-D5D86DB3
2d42ebcda99fd55f6f4bc2f1ca035d50,Uruacu Merchant 2D42EB,4.3,GST-GO-B97F9020
e9bc59e7b60fc3063eb2290deda4cced,Maringa Merchant E9BC59,3.99,GST-PR-776728BC
13d95f0f6f73943d4ceffad0fc2cd32c,Goiania Merchant 13D95F,3.0,GST-GO-1C5EE1EE
6f229cc508fc6915ed5c499efd93baa4,Rio De Janeiro Merchant 6F229C,4.38,GST-RJ-86AC9078
83f2b4881141ce3fcd4e985125d3279e,Ribeirao Preto Merchant 83F2B4,5.0,GST-SP-E467C8FE
c8c1bea22194a4eefa2dc9a9fa89f536,Porto Belo Merchant C8C1BE,5.0,GST-SC-E15CC3D7
b0b346d3a89f5eb4c2968af3f083cd43,Campinas Merchant B0B346,3.27,GST-SP-75879A24
a0415d9b25ede3c4b1e477e9916ffc03,Nova Iguacu Merchant A0415D,3.9,GST-RJ-A4630705
3dfd3dc96f7f8598eca74e9ac8a2fa31,Sao Paulo Merchant 3DFD3D,4.0,GST-SP-CFD9A866
e5545d4d4473876ea78c5bcebca365c3,Marilia Merchant E5545D,5.0,GST-SP-B9FD94B6
fa1a9dec3a9940c072684a46728bf1fc,Icara Merchant FA1A9D,4.11,GST-SC-EC1881F4
6ddc28b61be28373b4503a1f61cf98a9,Sao Paulo Merchant 6DDC28,4.18,GST-SP-C2DDE3ED
c5ebe6598748b0aeaa61cfb820478b92,Lajeado Merchant C5EBE6,4.67,GST-RS-93F2C16E
5670f4db5b62c43d542e1b2d56b0cf7c,Sao Paulo Merchant 5670F4,4.41,GST-SP-213B20C0
e1c76f339ebd5460999f25a2aa8c92c5,Sao Paulo Merchant E1C76F,5.0,GST-SP-20A0D3DF
cb8bcce248bb1fb274ba762d8b971456,Santa Rita Do Sapucai Merchant CB8BCC,4.25,GST-MG-D4C9D696
6524b847b982cd56bb5d4b02b776ee42,Campinas Merchant 6524B8,4.0,GST-SP-DDB09E69
610f72e407cdd7caaa2f8167b0163fd8,Sao Paulo Merchant 610F72,3.62,GST-SP-6D4295F7
b6d44737c043328708f6749c2dbe50bd,Santo Andre Merchant B6D447,4.47,GST-SP-01B458F4
972d0f9cf61b499a4812cf0bfa3ad3c4,Brusque Merchant 972D0F,3.03,GST-SC-A788E9EC
8c91bfea4263b8fba54081460693e2a1,Horizontina Merchant 8C91BF,5.0,GST-RS-EDF1B281
38af8acfd46ac4a7bf754e8ca6736664,Sao Paulo Merchant 38AF8A,4.8,GST-SP-3FB52C54
d90fe2229fee1a5da999ccd0c06c1667,Sao Paulo Merchant D90FE2,4.67,GST-SP-4BA8D739
75fdd0a732287f9497b179f6bd445d32,Maua Merchant 75FDD0,5.0,GST-SP-98242523
5b2e94f2c22b39ccc24d34ad0f669672,Sao Paulo Merchant 5B2E94,4.9,GST-SP-A778B5FE
9ac75591b69c3402684b6ce0310f22ee,Sao Paulo Merchant 9AC755,5.0,GST-SP-6DD9A8FF
e5bd51692380fd8cabb19b756b95e714,Santo Andre Merchant E5BD51,2.33,GST-SP-18461DA4
cfb1a033743668a192316f3c6d1d2671,Votorantim Merchant CFB1A0,3.96,GST-SP-06EA43BA
adcf50477d6a1f5d91bb9d54c4903cb5,Claudio Merchant ADCF50,3.26,GST-MG-F44EF750
8476243f92442881ddd5b578975cf115,Campo Bom Merchant 847624,4.08,GST-RS-C2D4EFCE
f2336e113377dd21c744d9c4fc8293a9,Sao Paulo Merchant F2336E,4.25,GST-SP-35C83351
f25e239052084705e17a982bc600ab2a,Sao Paulo Merchant F25E23,4.25,GST-SP-2DE96281
714b9a1332840f257b49f476bea4e341,Monte Alto Merchant 714B9A,3.33,GST-SP-8AC98E50
89d9a386b0b6e5fc8403071b03f7206a,Sao Paulo Merchant 89D9A3,4.0,GST-SP-D654E4FF
bd15ee794d5e640d9dd71b665b2ab15b,Ribeirao Preto Merchant BD15EE,4.0,GST-SP-D1514F9B
f326006815956455b2859abd58fe7e39,Fernandopolis Merchant F32600,4.67,GST-SP-D1815FBD
bac692d6c0ed08467878018e6cc9c26c,Blumenau Merchant BAC692,4.0,GST-SC-0C3ADC2B
6a51fc556dab5f766ced6fbc860bc613,Marilia Merchant 6A51FC,3.77,GST-SP-91DBA14F
a90a5da8b09e44264a177c0374a5ac87,Ponta Grossa Merchant A90A5D,4.33,GST-PR-FF658483
ea6b12bf9ffe2bac34602ec631d97a47,Guarulhos Merchant EA6B12,4.09,GST-SP-88FA2702
dc64d75cc406bb0697be983831430e60,Belo Horizonte Merchant DC64D7,4.75,GST-MG-16CFB071
fa7ad8ae9bcb2c4493fdf38e96b1d74f,Pedreira Merchant FA7AD8,1.0,GST-SP-F8AE5DB1
d1ef48b38baca7e831711c4a0aeb398f,Apucarana Merchant D1EF48,4.45,GST-PR-BBDFF06D
67e43d802fde8cfd3f9580124f8167d1,Guarulhos Merchant 67E43D,1.0,GST-SP-5D77FA63
f18112da765e0971ca5d510dec322bdd,Brusque Merchant F18112,4.0,GST-SC-AE9ECAC0
259f7b5e6e482c230e5bfaa670b6bb8f,Poa Merchant 259F7B,4.3,GST-SP-71159D85
dd7ddc04e1b6c2c614352b383efe2d36,Sao Paulo Merchant DD7DDC,3.85,GST-SP-728ECC55
f457c46070d02cadd8a68551231220dd,Maringa Merchant F457C4,3.85,GST-PR-70EACB6F
5962468f885ea01a1b6a97a218797b0a,Curitiba Merchant 596246,4.14,GST-PR-49EF5EC7
1f50f920176fa81dab994f9023523100,Sao Jose Do Rio Preto Merchant 1F50F9,4.13,GST-SP-37C44F36
2b1a40c1daabc6ca280c4b815c101841,Divinopolis Merchant 2B1A40,3.7,GST-MG-2A6479E5
26b482dccfa29bd2e40703ba45523702,Santa Barbara D´Oeste Merchant 26B482,5.0,GST-SP-1B4439A7
f356c348fbc8df6a882823e21f5ce8b7,Canoas Merchant F356C3,2.5,GST-RS-CFD70DB8
2ba91c7ad80ff88b23b7db823b43c233,Itu Merchant 2BA91C,3.83,GST-SP-731A5593
3d0cd21d41671c46f82cd11176bf7277,Joinville Merchant 3D0CD2,4.67,GST-SC-1FA8B8CE
d93919c944be9cff128f6c9cb899eacb,Mombuca Merchant D93919,4.0,GST-SP-C63EDD48
f7ba60f8c3f99e7ee4042fdef03b70c4,Sao Bernardo Do Campo Merchant F7BA60,4.21,GST-SP-FABC3ABC
0ee4fb99ac55ffbbc98795aa01b7f8fa,Santana De Parnaiba Merchant 0EE4FB,5.0,GST-SP-E8BB9102
c5f7e746b7e6d07def6c0dae9903279b,Curitiba Merchant C5F7E7,4.4,GST-PR-051C143C
2d20f1cd18725c91147da0791d498022,Londrina Merchant 2D20F1,5.0,GST-PR-3A8A28E4
002100f778ceb8431b7a1020ff7ab48f,Franca Merchant 002100,3.9,GST-SP-3D46C8EF
70f84699be677ec988d1fa824aef7d90,Sete Lagoas Merchant 70F846,4.6,GST-MG-DB9019AE
5bc24d989e71e93c33e50a7782431b0e,Campo Do Meio Merchant 5BC24D,4.35,GST-MG-7644D045
36f98ad67cc981f50ce8aed093d5783c,Toledo Merchant 36F98A,4.0,GST-PR-2953D345
70ee69419916dc13e3aed619061f996c,Mogi Das Cruzes Merchant 70EE69,3.0,GST-SP-82FC5007
6eb94e1466490d327a09abf8f3552a50,Jundiai Merchant 6EB94E,4.44,GST-SP-DD38EE3A
8ff1a9df749e454105c55cda13e79143,Marilia Merchant 8FF1A9,3.73,GST-SP-C3F99D23
c4fabeea6e569d42d02993bb1f4f1cbc,Fortaleza Merchant C4FABE,4.0,GST-CE-C6B48400
5236605f4d4b0b3e4df85b850393fca0,Sao Paulo Merchant 523660,4.8,GST-SP-AA48194C
45c20d94d9171b0bcfab3c955e47d67b,Cordeiropolis Merchant 45C20D,4.5,GST-SP-0EB4A21A
5bc237df65098fe211bb4818f4d26d78,Uberlandia Merchant 5BC237,4.5,GST-MG-260F3788
6a38087bc8ad4f89ff453561005f6dea,Anapolis Merchant 6A3808,4.6,GST-GO-283141A6
4e5725ba188db8252977a4f0227bd462,Ribeirao Preto Merchant 4E5725,3.41,GST-SP-809227D5
e4f121bf6ef8b9a1d4d3e65dd0473fab,Sao Jose Do Rio Preto Merchant E4F121,3.0,GST-SP-28F3309D
eebb3372362aa9a46975164bed19a7e7,Sao Paulo Merchant EEBB33,2.5,GST-SP-6A8F7D34
2ec6e37d992a95eaddb3369dcbcc76d9,Porto Alegre Merchant 2EC6E3,1.5,GST-RS-4E401989
f84a00e60c73a49e7e851c9bdca3a5bb,Rio De Janeiro Merchant F84A00,3.83,GST-RJ-CEF33336
e5a38146df062edaf55c38afa99e42dc,Sao Paulo Merchant E5A381,3.97,GST-SP-0D5469E1
80cfd480be3eb6d6267139f5cb793555,Sao Paulo Merchant 80CFD4,4.0,GST-SP-EB3B2354
62c50c1af4dfdc4149d25c5222043d39,Sao Paulo Merchant 62C50C,3.71,GST-SP-51ECCC0C
4de6e4ba574aa9dfdc824bc44dc47fdd,Colombo Merchant 4DE6E4,4.07,GST-PR-AEC487BF
6548c2550b6e2d8f18053216e1c7b6f3,Diadema Merchant 6548C2,5.0,GST-SP-E492FDDF
f45122a9ab94eb4f3f8953578bc0c560,Piracicaba Merchant F45122,3.96,GST-SP-651121AE
7901646fdd36a55f564ffaf2dbccaaf7,Rio De Janeiro Merchant 790164,4.5,GST-RJ-48A21E8B
6481e96574816ead57975da2c0f6d80d,Sorocaba Merchant 6481E9,4.19,GST-SP-BDE5D890
e8dba4d70f7f2b20e775d09cae01142d,Santa Barbara D Oeste Merchant E8DBA4,4.33,GST-SP-E1E29091
13e85aac53340018b40c2af68001b7e0,Pedreira Merchant 13E85A,5.0,GST-SP-3FD01271
b6dc74ed30f124f95227bed4e43a3bed,Arapongas Merchant B6DC74,4.08,GST-PR-485CE2A6
48436dade18ac8b2bce089ec2a041202,Volta Redonda Merchant 48436D,4.01,GST-SP-9ED9EF49
f5f2ab9bdb6b30c14c61be68c5ed37da,Porto Ferreira Merchant F5F2AB,4.28,GST-SP-048E6735
8ed8ea9a57c862f2c18c2fe41f601d56,Blumenau Merchant 8ED8EA,4.47,GST-SC-0A7614DC
c76d418370990614e89e956c7a7567d9,Taboao Da Serra Merchant C76D41,3.5,GST-SP-7CDA07B5
ceb7b4fb9401cd378de7886317ad1b47,04482255 Merchant CEB7B4,3.0,GST-RJ-3996F1A4
ea846a0e7ad98a741783e886d89dfa44,Aracatuba Merchant EA846A,5.0,GST-SP-64548FC3
2c54051840f19eca309a5423cf22df36,Curitiba Merchant 2C5405,4.5,GST-PR-F6DD31F7
ee27a8f15b1dded4d213a468ba4eb391,Goiania Merchant EE27A8,5.0,GST-GO-F4F16E97
69b5eaa096c3f9d1e5c398c597f567d6,Birigui Merchant 69B5EA,5.0,GST-SP-C0169F65
5b92bfa4120daa27c574daa2e386c693,Sorocaba Merchant 5B92BF,3.0,GST-SP-15BD7324
1554a68530182680ad5c8b042c3ab563,Monte Siao Merchant 1554A6,4.32,GST-MG-E13516FB
fc38b5dceee1a730fad8853453437fbd,Campinas Merchant FC38B5,4.6,GST-SP-6E73E0A3
152ee17e4c8aaf53dac99f3462e4999b,Garuva Merchant 152EE1,4.33,GST-SC-13610966
fac35d150712afb921ec59ac5f39bb11,Bonfinopolis De Minas Merchant FAC35D,4.4,GST-MG-327011AD
04aa0a1c5ce6b222003403a3e11c3cc0,Cosmopolis Merchant 04AA0A,4.09,GST-SP-7E0A47B7
ede0c03645598cdfc63ca8237acbe73d,Ribeirao Preto Merchant EDE0C0,3.52,GST-SP-2B674943
1e47defeeadeca0e9a18fa5a9311e735,Catanduva Merchant 1E47DE,5.0,GST-SP-0BAC4A1E
a7b7354cc588f7566a848bcbb1ce3d96,Sao Paulo Merchant A7B735,4.0,GST-SP-DBAB6920
ef0ace09169ac090589d85746e3e036f,Sao Goncalo Merchant EF0ACE,4.37,GST-RJ-938103DD
a7dc4098e4da6e41b426269d12ae7e91,Sao Paulo Merchant A7DC40,3.0,GST-SP-25AEBF51
918717417d88a9f9ae9735567e6c7682,Sao Paulo Merchant 918717,5.0,GST-SP-CF901AD5
26f6b7ab07be3e9e69ce82a6552efc19,Rio De Janeiro Merchant 26F6B7,3.0,GST-RJ-D34EAA63
cad9969167c09b48ae6f1d123f7fa68d,Pocos De Caldas Merchant CAD996,3.0,GST-MG-FBD61454
7c4adcc13272c0e26fa23aac642adb7b,Sao Goncalo Merchant 7C4ADC,3.0,GST-RJ-A1E956AD
f19516b9ff26bfeb091b30108db4ddbd,Artur Nogueira Merchant F19516,2.6,GST-SP-F46D0982
ed8cb7b190ceb6067227478e48cf8dde,Santos Merchant ED8CB7,3.4,GST-SP-503A2B38
97e50a621f8e801f4baf69e08687c192,Sao Paulo Merchant 97E50A,5.0,GST-SP-A316D69E
562f8cfc51f265411f487d07e9c40e7f,Belo Horizonte Merchant 562F8C,4.54,GST-MG-5AE05FCB
a21c11ec5c3f03e7cc9f9203bff9e1c6,Santana De Parnaiba Merchant A21C11,3.67,GST-SP-99CA19E7
97e4a63591ca439a2b8b7efd20e6e19e,Rio De Janeiro Merchant 97E4A6,4.4,GST-RJ-3B81DF1B
07017df32dc5f2f1d2801e579548d620,Joao Pessoa Merchant 07017D,4.0,GST-PB-4CF157F5
52092ddbd3a58c450a4459bf051b2287,Dois Corregos Merchant 52092D,4.33,GST-SP-EB87A4C2
1a8e2d9c38b84a9702ac7922924b0573,Araquari Merchant 1A8E2D,5.0,GST-SC-56D4F385
f1198c871e0171278b63f40d112caeec,Sao Paulo Merchant F1198C,4.5,GST-SP-3C978622
87142160b41353c4e5fca2360caf6f92,Porto Alegre Merchant 871421,4.41,GST-RS-DE648E3C
a0e19590a0923cdd0614ea9427713ced,Sao Jose Dos Pinhais Merchant A0E195,1.0,GST-PR-CEE63BE0
289cdb325fb7e7f891c38608bf9e0962,Belo Horizonte Merchant 289CDB,4.57,GST-SP-77291169
11305281b50fff20ae8bb473f8e11876,Uba Merchant 113052,4.31,GST-MG-031AB7EC
723a46b89fd5c3ed78ccdf039e33ac63,"Novo Hamburgo, Rio Grande Do Sul, Brasil Merchant 723A46",4.0,GST-RS-50EF34E4
d9b00a97818674c7f8d8b1ef0e689679,Ponta Grossa Merchant D9B00A,3.0,GST-PR-6840AD46
9d681c7e12db302cb261e721040dde65,Curitiba Merchant 9D681C,4.92,GST-PR-34D7BEC3
c7bb64409aa480bb7d0335faaaf3d242,Joinville Merchant C7BB64,2.25,GST-SC-9C2F49E4
bb7ad8a45c027be8ab075b8e465f8ca0,Floranopolis Merchant BB7AD8,5.0,GST-SC-7F67E0EC
8a207b6080964f3c1fc9d35bd6096ba4,Jaci Merchant 8A207B,5.0,GST-SP-1B675D34
fa1c13f2614d7b5c4749cbc52fecda94,Sumare Merchant FA1C13,4.34,GST-SP-E8BE07B9
bf100ecb7997df312b285358fb32f92c,Sao Jose Dos Pinhais Merchant BF100E,4.44,GST-PR-9EC87028
3504c0cb71d7fa48d967e0e4c94d59d9,Maua Merchant 3504C0,4.42,GST-SP-1E2E64F4
164a5a8794e6d42e14f55e447b12a3bc,Guaira Merchant 164A5A,5.0,GST-PR-FEC0B5BA
de09d00cfc265b8804c7df34075a68fa,Sao Paulo Merchant DE09D0,3.33,GST-SP-67FB3F12
638cba8be1fb599bbb76fd6948351eb3,Sao Jose Dos Campos Merchant 638CBA,4.67,GST-SP-1FCBCBCF
2f73e04d12cdf0c945ded66bb3fcf6c7,Cachoeiro De Itapemirim Merchant 2F73E0,3.33,GST-ES-21C1CC03
fbc14c0cf93505ef89f64665ffa4a7b5,Serrana Merchant FBC14C,4.18,GST-SP-D6058138
c3ee2331a724e6fc02c4b698b57a73f3,Sao Paulo Merchant C3EE23,3.0,GST-SP-832BEEFC
e9874ae10b2d60d43917b6bbfa13a599,Rolandia Merchant E9874A,5.0,GST-PR-98DD9F20
df47da4ae86fa4db890d05aaf24e21d8,Sao Paulo Merchant DF47DA,4.2,GST-SP-9F3610D1
ddd51ae8cda92f3995a51fc0f0f3eec7,Rio De Janeiro Merchant DDD51A,4.62,GST-RJ-9EC52D6F
e644cbadf7eeb30d0d29f335ce7d52ec,Sao Paulo Merchant E644CB,3.62,GST-SP-A2179F13
2bdb95a56a36ebbc6640337ac5eac174,Sao Paulo Merchant 2BDB95,5.0,GST-SP-8811397F
34d1ca11b242c0fee2c834ae8d788566,Congonhas Merchant 34D1CA,4.33,GST-MG-95F8E55C
324583d68897f5ddbaf38f6248322176,Sao Jose Do Rio Preto Merchant 324583,1.0,GST-SP-0A230C05
96493fab2fbb13a14d0c0e8772eef5c3,Sao Paulo Merchant 96493F,4.06,GST-SP-763FB155
d4ffeb15b67e81ff9af2b4252d99fb7e,Atibaia Merchant D4FFEB,4.3,GST-SP-8EA6DFC1
b5d034ac251546e25afe9067f05c1539,Itapecerica Da Serra Merchant B5D034,5.0,GST-SP-C2CDC885
8a1ff5c35f6595a73fef4c7b96e4908a,Sao  Jose Dos Pinhais Merchant 8A1FF5,5.0,GST-PR-48428FDD
a150c540f572d0fb53992264bc5c10b5,Sorocaba Merchant A150C5,4.0,GST-SP-ADBEF8FB
7c1fea10b5b006671d608b1d7c446ec4,Boituva Merchant 7C1FEA,4.0,GST-SP-0D9FB76B
b6e1504972665f739dec4facb9943775,Piracicaba Merchant B6E150,4.36,GST-SP-E548D8E2
f76a3b1349b6df1ee875d1f3fa4340f0,Sao Paulo Merchant F76A3B,3.46,GST-SP-598A3891
99eaacc9e6046db1c82b163c5f84869f,Franca Merchant 99EAAC,3.88,GST-SP-ADEB2A1D
8603f0038fe0e52fedd3382d266723de,Garopaba Merchant 8603F0,4.4,GST-SC-E6212297
d98eec89afa3380e14463da2aabaea72,Porto Alegre Merchant D98EEC,4.33,GST-RS-B8066473
ab75b89cc49c9ab3160d0c91565a442a,Tupa Merchant AB75B8,1.5,GST-SP-990E07B4
08084d990eb3f53af056ccbc1730c8a7,Sao Paulo Merchant 08084D,4.45,GST-SP-875B0CED
d85efbc8eff2b7adf524e2820569adc8,Sao Paulo Merchant D85EFB,5.0,GST-SP-E91A46B6
23613d49c3ac2bd302259e55c06c050c,Porto Ferreira Merchant 23613D,3.83,GST-SP-D0489D64
87d3c3aeb3ead335511b3ce315eb341e,Sao Paulo Merchant 87D3C3,3.5,GST-SP-FCE46BCD
93b9a99027bd8bd6af682aff18dd19bf,Mairipora Merchant 93B9A9,4.05,GST-SP-0786CCD6
0bf0150d5b9d60d9cd2906003332f085,Sao Paulo Merchant 0BF015,3.79,GST-SP-BCA61192
7ecef8194babfec876ca720714327841,Campinas Merchant 7ECEF8,4.29,GST-SP-A7D9477B
87b4428a334b8f676fd9a7f3bf544fb5,Guaimbe Merchant 87B442,5.0,GST-SP-1FEBF959
30829ded4523ab9224b93bc49a62c95f,Parai Merchant 30829D,3.78,GST-RS-58C6EA4E
dcb7367a92f5ffb89f1e2152ed260285,Osvaldo Cruz Merchant DCB736,5.0,GST-SP-88FD6E12
513a54369b6a8a6602fcb0e129c6d78d,Sao Bernardo Do Campo Merchant 513A54,4.5,GST-SP-540E77F9
5075aaa8404020ae6aa8bf4792099b41,Pocos De Caldas Merchant 5075AA,3.58,GST-MG-8B5AC129
d354c38a7182125a748cb10474fe963b,Aperibe Merchant D354C3,4.29,GST-RJ-4B01DFE7
4be9ae93c4fc0f41713d71a4194ee1b3,Divinopolis Merchant 4BE9AE,5.0,GST-MG-6A6FE0BC
e0487761face83d64fcada2408959a36,Sao Paulo Merchant E04877,4.5,GST-SP-32D63857
9996ae921c50e8dff411ac69c0b4bb8b,Tupa Merchant 9996AE,2.0,GST-SP-AD3E1426
c3cfdc648177fdbbbb35635a37472c53,Curitiba Merchant C3CFDC,4.47,GST-PR-D43EAB00
c8cc60ffd415254af5d9b9f34f32c369,Sorocaba Merchant C8CC60,4.75,GST-SP-A157F9AB
1ce3ae5a399804d1a87e706f8a813c3e,Jaguaruna Merchant 1CE3AE,3.75,GST-SC-F1C5D7FA
5f26c1408a65b42a7224cd463bdf3292,Arapongas Merchant 5F26C1,4.8,GST-PR-0F335221
e59e575a175fadcadf8479e191770425,Nova Iguacu Merchant E59E57,5.0,GST-RJ-4BF7568D
2138ccb85b11a4ec1e37afbd1c8eda1f,Sao Paulo Merchant 2138CC,3.94,GST-SP-A48C2CA4
83d458c0d6d4f94295d63f091460bd60,Vila Velha Merchant 83D458,5.0,GST-SP-642FC7E7
ef30892870c278497523264be1be2241,Araraquara Merchant EF3089,4.56,GST-SP-7F3703D3
d5b9a084373da994a6e37f732169a853,Santo Andre Merchant D5B9A0,3.57,GST-SP-97B1E19D
e9c2dc0dd4ac38448289be644ac94f42,Joinville Merchant E9C2DC,5.0,GST-SC-6D2252AA
fe87f472055fbcf1d7e691c00b1560dc,Campinas Merchant FE87F4,4.5,GST-SP-0905E1F6
5a32c398a06c345440bf2a683b017ad3,Rio De Janeiro Merchant 5A32C3,3.0,GST-RJ-E2E34F51
f46490624488d3ff7ce78613913a7711,Guarulhos Merchant F46490,3.66,GST-SP-EED21C01
4d0041cdbe51b4617d95c70b19decc74,Juiz De Fora Merchant 4D0041,4.5,GST-MG-69E214D5
db46ca7bce82b11f7e247539271fc390,Rio De Janeiro Merchant DB46CA,4.56,GST-RJ-DDDCEB09
ad420dd0c4f92f8af951ac24b86d0cf5,Fronteira Merchant AD420D,4.12,GST-MG-6B2B7923
e8b4225284fbb02d16f200513f1f395d,Novo Horizonte Merchant E8B422,4.19,GST-SP-475DD1B7
f61c63d13f7cd800549d5acdd390ae72,Pilar Do Sul Merchant F61C63,4.0,GST-SP-F2E1AE24
054694fa03fe82cec4b7551487331d74,Itajobi Merchant 054694,3.48,GST-SP-439BE09A
dc50afafdfa325eadc890c7fa42a8f4e,Maringa Merchant DC50AF,4.75,GST-PR-50DF0FF5
376d67b61dce0c990155286e7ae486a4,Sao Paulo Merchant 376D67,4.0,GST-SP-94331E2F
7994b065a7ffb14e71c6312cf87b9de2,Cariacica / Es Merchant 7994B0,5.0,GST-ES-2482475D
a9415cf907dfa12f9ed18693244f5329,Prados Merchant A9415C,5.0,GST-MG-51AE6631
b7d5b4b87af9d42b601865d3f3810bff,Florianopolis Merchant B7D5B4,2.0,GST-SC-9A8A9AC9
7315baebc0572ff220d226283dc66728,Sao Carlos Merchant 7315BA,4.0,GST-SP-A3FE5ADA
4125d9385a25e82d2f72d3a0fd55bc3f,Santos Merchant 4125D9,5.0,GST-SP-EC6802B1
c8b0e2b0a7095e5d8219575d5e7e1181,Itaquaquecetuba Merchant C8B0E2,4.08,GST-SP-F7871F58
38102b031c2a15e54623d711bfc753d3,Mucambo Merchant 38102B,3.67,GST-CE-A1DDB354
160e4f13fd3a64b1b86807be88b5ffb0,Colombo Merchant 160E4F,4.25,GST-PR-3CB09CEE
8ccf3cf69651cc1d8a02c8bfaf3b8568,Rio Claro Merchant 8CCF3C,3.5,GST-SP-2EC80B2D
391fc6631aebcf3004804e51b40bcf1e,Ibitinga Merchant 391FC6,4.03,GST-SP-9CF1576B
33cbbec1e7e1044aaf11d152172c776f,Bento Goncalves Merchant 33CBBE,4.73,GST-RS-861954F8
da03c298e3999e9d828591fc2179d109,Sao Paulo Merchant DA03C2,4.75,GST-SP-EBC46087
49383af7ab774e4e8f3000f49c83dc4b,Taubate Merchant 49383A,4.38,GST-SP-DCDBADD5
8a2d12a90e92f012ce5226fc6592b653,Curitiba Merchant 8A2D12,4.61,GST-PR-994D6EDB
52956b80ae65fda598f06f6b9943e7a9,Maringa Merchant 52956B,4.0,GST-PR-F3758239
762ed976527cddf02787edba70fffa2a,Londrina Merchant 762ED9,2.33,GST-PR-505CD55C
7994081388d55b9cf976c050653dd359,Sao Paulo Merchant 799408,3.0,GST-SP-52C083D7
585175ec331ea177fa47199e39a6170a,Montes Claros Merchant 585175,5.0,GST-MG-AAF58229
e59aa562b9f8076dd550fcddf0e73491,Curitiba Merchant E59AA5,4.21,GST-PR-A8DCB324
e84ad2127668df3aafc6b73531a0beb8,Sao Paulo Merchant E84AD2,4.37,GST-SP-8C20B52D
1a6245add4353f18ed55138808906979,Sao Bernardo Do Campo Merchant 1A6245,3.0,GST-SP-F7D708F0
e9779976487b77c6d4ac45f75ec7afe9,Praia Grande Merchant E97799,4.22,GST-SP-B25C0055
6b90f847357d8981edd79a1eb1bf0acb,Guarulhos Merchant 6B90F8,4.37,GST-SP-4CD13E40
48328ec9a579151d9cc6a86d4a59336c,Canoas Merchant 48328E,2.0,GST-RS-D3151F23
73a63f72308aa20a46f4b1632018f196,Curitiba Merchant 73A63F,4.14,GST-PR-E46D365C
f62d7bb4a613ec758a03342d46b580b2,Vicosa Merchant F62D7B,4.38,GST-MG-C78B9394
252e76235acb79183cfca6e34f13337d,Campinas Merchant 252E76,3.33,GST-SP-B633A54E
7c5b05cbdb5542049f38d90d7815b97d,Sao Paulo Merchant 7C5B05,4.36,GST-SP-658383F8
db4350fd57ae30082dec7acbaacc17f9,Sao Paulo Merchant DB4350,4.14,GST-SP-C7247135
845e8036c3f7bf62099352f5ed910240,Rio De Janeiro Merchant 845E80,3.95,GST-RJ-3E0D3495
712efd3b68f9686dc856b84abd0f21ae,Curitiba Merchant 712EFD,4.0,GST-PR-90E38E67
3364a91ec4d56c98e44174de954b94f6,Porto Velho Merchant 3364A9,3.83,GST-RO-BEC7E071
b00af24704019bd2e1b335e70ad11f7c,Salvador Merchant B00AF2,5.0,GST-BA-43950868
4324dd16853115efb0fd9d0d131ba6f4,Sao Jose Do Rio Pardo Merchant 4324DD,4.08,GST-SP-582ACF1E
0a198e95d32b1be2da9424c962a6ebfa,Contagem Merchant 0A198E,5.0,GST-MG-12E2BE46
d1a1b40ec554c593a1a99366746289dd,Pato Branco Merchant D1A1B4,2.0,GST-PR-0A52C35A
55a5b51f93f2b70ea513f5a047b0262a,Sao Joao Del Rei Merchant 55A5B5,4.46,GST-MG-165D5A2A
6426d21aca402a131fc0a5d0960a3c90,Ribeirao Preto Merchant 6426D2,4.17,GST-SP-0B207347
8a432f4e5b471f8da497d7dc517666e2,Presidente Prudente Merchant 8A432F,4.19,GST-SP-1C63C520
da3fede3469bf49b7293ce3fc45b294d,Mogi Das Cruzes Merchant DA3FED,5.0,GST-SP-91063257
c092292535a57dacd95a8765f5518f87,Paracambi Merchant C09229,5.0,GST-RJ-B2E3574C
20a8b0dc55da94fe74d112082427c84f,Itu Merchant 20A8B0,4.29,GST-SP-DDA9DEA2
bfd27a966d91cfaafdb25d076585f0da,Serra Negra Merchant BFD27A,4.28,GST-SP-F2197C65
fadb07c842a2aef5d5a676b85f220e71,Sao Jose Do Rio Preto Merchant FADB07,4.71,GST-SP-ADBDCDA1
6b15924333bd1a741595fe981ea04822,Sao Caetano Do Sul Merchant 6B1592,4.67,GST-SP-BE3AF97D
1c83418358f249c9d6affa52d579db0e,Sao Paulo Merchant 1C8341,5.0,GST-SP-21BE29C1
04e38a233f726ef161074ab1c9b0399a,Sao Paulo Merchant 04E38A,3.65,GST-SP-3FE6B643
1b4b28463457a256e9a784ebe2a8f630,Piracicaba Merchant 1B4B28,1.0,GST-SP-0B010BFF
db7ed69a53aa9fb1c01930ba54a88bbe,Jaguariuna Merchant DB7ED6,5.0,GST-SP-7FF07ADA
f664f98bfda2eaf266a23ff144e7a872,Sao Paulo Merchant F664F9,3.0,GST-SP-5567E569
7ade73f1b9b4e965f9009a4c3a7e2c15,Bauru Merchant 7ADE73,4.77,GST-SP-04584837
a369d693961cb93b61ca2cc518872a85,Sao Jose Do Rio Preto Merchant A369D6,3.91,GST-SP-4BAA478A
fb8904a8ea99f8831b64ce27db2c1765,Sao Caetano Do Sul Merchant FB8904,4.5,GST-SP-F9750F76
2ef086a599b597572aca4433b7ed6b3d,Jaragua Do Sul Merchant 2EF086,5.0,GST-SC-7934FE89
134285d1f41da5c13a756ee8142c8a4e,Sao Paulo Merchant 134285,3.33,GST-SP-63B76C46
9ed65337433adfbedefd23dd76eaa494,Sao Paulo Merchant 9ED653,4.83,GST-SP-3B004D77
aec99834ab5d38ead22766ada8497e87,Colombo Merchant AEC998,5.0,GST-PR-80D56C26
b8578d2d823bd8e251f6fdd02b40902d,Blumenau Merchant B8578D,4.44,GST-SC-2AA22E18
d9d43faf741ceaa8da52fdbb81d9e0e3,Juiz De Fora Merchant D9D43F,3.67,GST-SP-1AD4EB93
964ff64dc05b13811c6d0f41e0aa5f6b,Sao Paulo Merchant 964FF6,5.0,GST-SP-13F01DB3
96e5dc09087bad639b4ee193104ec2e5,Bom Jardim Merchant 96E5DC,4.5,GST-RJ-1FB2DBC4
24c1de8d9551c0b4fbc53317d53efda8,Serra Redonda Merchant 24C1DE,5.0,GST-PB-474C87F1
0336182e1b3e92f029d5354832045fdf,Ibitinga Merchant 033618,2.0,GST-SP-D1B83C40
c03121937e54a93fcc1825c3098bbb6e,Curitiba Merchant C03121,5.0,GST-PR-C590A71D
b87a7ea0c30fad2dd6781b74a0064859,Sao Paulo Merchant B87A7E,3.44,GST-SP-E1948FCE
84c945f15571830c1a91a33978e94009,Sao Paulo Merchant 84C945,4.5,GST-SP-96E9632A
2d378dbb39815785238c0139c7647fb7,Sao Francisco Do Sul Merchant 2D378D,5.0,GST-SC-BFBB8CDF
0b0ddbc7b9d9584f442c7ac92b0ff6c9,Guarulhos Merchant 0B0DDB,4.67,GST-SP-508BF7CD
51209b446b2073894bdc0face6c73ffc,Vila Velha Merchant 51209B,4.0,GST-ES-7BCE56F0
5996cddab893a4652a15592fb58ab8db,Presidente Prudente Merchant 5996CD,5.0,GST-SP-E0F48266
aa8af66c623d7d544dfe4bb85b5ebe3b,Betim Merchant AA8AF6,5.0,GST-MG-6F202B0F
1690cada046eb7e92c12f98b1f8a8167,Sao Paulo Merchant 1690CA,4.55,GST-SP-2F1F058A
385799a1cddbd26dfeb9157356a42282,Sao Paulo Merchant 385799,4.0,GST-SP-835D18A0
42b729f859728f5079499127a9c2ef37,Sao Paulo Merchant 42B729,4.47,GST-SP-7450A156
556a6409838156ea299c9d1f9e2dde43,Curitiba Merchant 556A64,3.25,GST-PR-27617BD6
179d859f51292aac5c10806a356f7af9,Ribeirao Pires Merchant 179D85,4.39,GST-SP-3ED5FDCC
934ed5cd1b9c1c7382d0a94a94b9e639,Curitiba Merchant 934ED5,5.0,GST-PR-9CDA32CB
be3b4b0f050a6aa1b2d901c4b77e979f,Imbituva Merchant BE3B4B,4.0,GST-PR-4B0E13BA
6806dad1da97bfb5a9038eac6881f706,Guaratuba Merchant 6806DA,3.91,GST-PR-4915E414
94231344608e603693b0a8891143f65d,Porto Alegre Merchant 942313,4.0,GST-SP-691C32AB
446cc09cdbb130904da114e807dbec40,Sao Paulo Merchant 446CC0,4.67,GST-SP-6F7F085B
47efca563408aae19bb7206c2d969ea9,Teresina Merchant 47EFCA,4.08,GST-PI-6611EBE9
00ab3eff1b5192e5f1a63bcecfee11c8,Sao Paulo Merchant 00AB3E,5.0,GST-SP-605B9F09
71271995e85f5b8530be99ed54a91b89,Porto Alegre Merchant 712719,2.5,GST-RS-7F5FB80F
a435b009cd956ea60748b5cfbddf2e24,Franca Merchant A435B0,4.33,GST-SP-3FE439A5
11938fcc75f6902fea1d0a6f72b54a57,Sao Miguel D'Oeste Merchant 11938F,3.0,GST-SC-4FC1D472
9b76ad3d04236f76bc71c59470305e13,Boituva Merchant 9B76AD,5.0,GST-SP-D1E5D54A
d7ab82074b5f1dfba46db123df101bff,Atibaia Merchant D7AB82,4.5,GST-SP-89C2B745
9c0e69c7bf2619675bbadf47b43f655a,Sao Jose Dos Campos Merchant 9C0E69,4.05,GST-SP-B0D178C9
94d76e96eedd976258cd3278ce56d5f2,Sao Roque Merchant 94D76E,5.0,GST-SP-69951335
52f976b17ea7f2f087f56dcc419328f6,California Merchant 52F976,3.67,GST-PR-6DF11735
4e326052e5dbba8adcd512f3450a307e,Sao Paulo Merchant 4E3260,2.33,GST-SP-5CC811A8
3586b8580d9c917874e053a1bb37b5ff,Araraquara Merchant 3586B8,4.42,GST-SP-9CD439C3
6edacfd9f9074789dad6d62ba7950b9c,Guarulhos Merchant 6EDACF,4.36,GST-SP-BDF57AB0
52831e5990d0771cb4951d6f12928167,Tupa Merchant 52831E,3.0,GST-SP-A3DCAFC0
9e7c5f4d7770eab65738cca38f9efccf,Sao Paulo Merchant 9E7C5F,3.5,GST-SP-7B3A93D1
4677a5437afda5fa7140b927b07be1cc,Japira Merchant 4677A5,4.36,GST-PR-F5A41A2F
3e8bd881d92466e63ba9e3e809cd3c50,Rio De Janeiro Merchant 3E8BD8,4.12,GST-RJ-AD23F281
4a1917ef994878940e1fb03eeb787ad7,Brasilia Merchant 4A1917,3.0,GST-DF-CCAF0310
334cab711dee080b079fa5779b584783,Santo Andre Merchant 334CAB,4.91,GST-SP-17F12611
9dd59e43f0c9f0553244e8f9c2fb247e,Foz Do Iguacu Merchant 9DD59E,4.8,GST-PR-E2F80FD9
ccf8813e5a7d6c84d865cd38bfc2b130,Taubate Merchant CCF881,4.38,GST-SP-D84BC076
8d956fec2e4337affcb520f56fd8cbfd,Sao Bernardo Do Campo Merchant 8D956F,4.2,GST-SP-67586177
e5a3438891c0bfdb9394643f95273d8e,Limeira Merchant E5A343,3.91,GST-SP-E1C335AF
f9f68daa2af419d38f745478bcb3da1a,Sumare Merchant F9F68D,3.0,GST-SP-FEAB6963
138dbe45fc62f1e244378131a6801526,Sao Paulo Merchant 138DBE,4.08,GST-SP-9836D29D
5058e8c1e82653974541e83690655b4a,Itaquaquecetuba Merchant 5058E8,3.24,GST-SP-9923DB11
cd2169d9f31ff6fbb9ca3373b0c9e354,Nova Friburgo Merchant CD2169,4.0,GST-RJ-BD80CC0D
15aec03fe4cf30dfa574cf550f5ff5ff,Rio De Janeiro Merchant 15AEC0,1.0,GST-RJ-28ABF28F
9674754b5a0cb32b638cec001178f799,Sao Paulo Merchant 967475,4.08,GST-SP-16854E54
c161d1327ebc3a156c09582ab2f59f6c,Sao Paulo Merchant C161D1,3.0,GST-SP-2E45C0E4
4d232b78ab7ef10393dc3807d827bc0d,Belo Horizonte Merchant 4D232B,4.4,GST-MG-EA90D9AE
23ff42c4bf1f8f16cddb19d8b972974a,Itau De Minas Merchant 23FF42,4.0,GST-MG-778BC18B
d3dcf0604eabf0224fbd5948b5e02f69,Sao Paulo Merchant D3DCF0,3.89,GST-SP-059C6023
49067458c68f7701fd334ce326accbe0,Juiz De Fora Merchant 490674,3.44,GST-MG-33BE0B8C
dfa0c4c6229ab200a4a1336b4d7128ff,Florianopolis Merchant DFA0C4,4.0,GST-SC-9F5C693E
35281d148dcf7134bae913c57db4e6da,Sao Paulo Merchant 35281D,5.0,GST-SP-BC8EABE9
76833248bbc0e65a0293ec62023e4396,Birigui Merchant 768332,5.0,GST-SP-A0562300
48e5ee06fb2dc74df1c711a9b6dfac2a,Oliveira Merchant 48E5EE,5.0,GST-MG-D84254C1
2cb6eb1b7185064167657fa09f541105,Sabara Merchant 2CB6EB,4.14,GST-MG-EAEDA73C
0f7eea709efdf942b5f95c7516dbacd7,Pedrinhas Paulista Merchant 0F7EEA,4.0,GST-SP-306D4931
54583ab379489add547fe47b628db589,Sao Bernardo Do Campo Merchant 54583A,4.8,GST-SP-AAB41DA7
51e0557bc7b86de13e946c60ee91ce39,Belo Horizonte Merchant 51E055,5.0,GST-MG-5E88EB44
0bebbb2cea103a4a020c95d43fd7d754,Sao Paulo Merchant 0BEBBB,4.89,GST-SP-E2C1B5E2
9da1ca0bef29ee170e541927a5aeabdc,Votuporanga Merchant 9DA1CA,3.0,GST-SP-7F426A2B
6c7d50c24b3ccd2fd83b44d8bb34e073,Presidente Prudente Merchant 6C7D50,4.39,GST-SP-DFA65BDC
3faf68a3b0af94b10bac70d86077be49,Holambra Merchant 3FAF68,4.57,GST-SP-F4027B96
05feb94f19d094d4b0f9281f0b1d4c99,Mogi Das Cruzes Merchant 05FEB9,4.5,GST-SP-5FFC450E
f650a9708fa1bab22bdd8d3a818cc415,Ararangua Merchant F650A9,3.4,GST-SC-8BAF9BF0
5cbbd5a299cab112b7bf23862255e43e,Pinhais Merchant 5CBBD5,4.28,GST-PR-EB16D72B
07d75e33f2750d97d467fb57e4dfdd8a,Sao Paulo Merchant 07D75E,2.5,GST-SP-C0AF87D6
8a8835a43bda99fd37310ad76c457510,Sao Caetano Do Sul Merchant 8A8835,4.5,GST-SP-2C3D3B7F
ca3bd7cd9f149df75950150d010fe4a2,Sao Paulo Merchant CA3BD7,3.96,GST-SP-D4781F8F
323ce52b5b81df2cd804b017b7f09aa7,Sao Paulo Merchant 323CE5,4.31,GST-SP-2E56E95D
ebd1417732defaf66c50b5a800eb293e,Londrina Merchant EBD141,5.0,GST-PR-D998E402
76ea5315acb3f5f7ade3cd261faf922a,Sao Paulo Merchant 76EA53,4.27,GST-SP-67139288
4b1eaadf791bdbbad8c4a35b65236d52,Ribeirao Preto Merchant 4B1EAA,2.0,GST-SP-7FA2BA25
4cc43a222a0f94910728b62b97a8c5f8,Ribeirao Preto Merchant 4CC43A,3.0,GST-SP-E6CEB2CD
bc503e244f187939d10c92a5c8e378ce,Birigui Merchant BC503E,3.29,GST-SP-8B8336F0
b6f52e346160519c24a23af05410ad32,Sao Paulo Merchant B6F52E,4.0,GST-SP-76133FAA
70125af26c2d6d4ef401a1d02ae7701f,Goiania Merchant 70125A,4.6,GST-GO-2C21FF09
c84592044b180dec206770c38603814b,Sao Paulo Merchant C84592,4.2,GST-SP-DC901919
1caf283236cd69af44cbc09a0a1e7d32,Nova Iguacu Merchant 1CAF28,4.61,GST-RJ-A762E474
ba90964cff9b9e0e6f32b23b82465f7b,Guarulhos Merchant BA9096,4.42,GST-SP-8F1B081A
5e9f5bd34e0830569f05c9d4f56e04a8,Porto Alegre Merchant 5E9F5B,4.5,GST-RS-FB52380C
15fa791d5e017f66402dc28c44480657,Sao Paulo Merchant 15FA79,4.25,GST-SP-E8AB5923
20d83f3ef0e6925fd74bfd59170babf7,Sao Paulo Merchant 20D83F,4.4,GST-SP-9E8B8540
59417c56835dd8e2e72f91f809cd4092,Limeira Merchant 59417C,4.28,GST-SP-B67065AA
a13580f0e8f782b7a543885a0ef99f08,Rio De Janeiro Merchant A13580,4.4,GST-RJ-517A2467
ccada0ef508e698917a6eab263375905,Pato Bragado Merchant CCADA0,3.67,GST-PR-D15AE44A
4bde6149c15cf7e177b36fa060dd6de8,Carazinho Merchant 4BDE61,5.0,GST-RS-DC2712FF
fe1bbc5feda5c8979a8a1b3b2512d5a6,Arinos Merchant FE1BBC,3.89,GST-MG-F7CE39CA
23a0ffca143a15b9b5bbdb7d552f626a,Sao Pedro Merchant 23A0FF,3.91,GST-SP-7ECCFC02
32b8764b4ef628b53608fc34011fcc13,Lages Merchant 32B876,4.19,GST-SC-868D247A
e7df4cd29ab5abab70fb0783ddb53987,Sao Paulo Merchant E7DF4C,4.3,GST-SP-781008C2
0432ead42b6c8a0bdf68154add917fdf,Maua Merchant 0432EA,4.46,GST-SP-98BD8DE9
7e959205cebc10adefcb331f934238a4,Sao Paulo Merchant 7E9592,1.0,GST-SP-A47820BC
2a261b5b644fa05f4f2700eb93544f2c,Porto Ferreira Merchant 2A261B,3.83,GST-SP-3B4D4D82
f680f85bee2d253556ac91be391d2c82,Carapicuiba Merchant F680F8,4.33,GST-SP-069DFFCF
3785b653b1b82de85ab47dd139938091,Ampere Merchant 3785B6,4.73,GST-PR-EFEB4E25
d379f449f2a3b271bc01c0782020f705,Divinopolis Merchant D379F4,3.89,GST-MG-1606654D
7ea5bfa6c340f58f8e71fc1f0412b0d6,Belo Horizonte Merchant 7EA5BF,4.12,GST-MG-3CDE52E0
dc120d932ddf9d4dfb6fd68beefda622,Sao Jose Dos Pinhais Merchant DC120D,1.0,GST-PR-7D456727
6902157ee16728322d61a1321fa79e58,Sao Paulo Merchant 690215,3.0,GST-SP-4A53AD8D
f3041c2e75ec683697a6a5ea82192210,Itauna Merchant F3041C,5.0,GST-MG-05F0C222
c54679b132454625907c773d273d4126,Guaruja Merchant C54679,4.86,GST-SP-F58BDD5D
d26aa40b90272d4843d63be7c1462c8d,Sao Paulo Merchant D26AA4,4.5,GST-SP-17A5FFBE
a2fa0bdc798ee84cdb08281337cf4fb6,Florianopolis Merchant A2FA0B,4.0,GST-SC-6192C664
bd697db56ff8e7c9cd1abeb7f72029b2,Sao Paulo Merchant BD697D,4.18,GST-SP-AAD84A3B
2aafae69bf4c41fbd94053d9413e87ee,Porto Alegre Merchant 2AAFAE,4.5,GST-RS-A9D72A76
483ca627d131e18f988349b1655c0acd,Mogi Mirim Merchant 483CA6,5.0,GST-SP-680C037B
1a3df491d1c4f1589fc2b934ada68bf2,Joinville Merchant 1A3DF4,4.18,GST-SC-12B22243
e81e1f9c3e762e620f3fb60a51499e16,Curitibanos Merchant E81E1F,4.0,GST-SC-BAFBD475
4170f6a9367e6b5d6401d03ce6d54569,Brasilia Df Merchant 4170F6,4.0,GST-DF-A0A31569
4e480be820e37de1444325ff358c9296,Tres Coracoes Merchant 4E480B,5.0,GST-MG-BCEC045A
6560211a19b47992c3666cc44a7e94c0,Sao Paulo Merchant 656021,3.94,GST-SP-8C632125
3da38366e7bd9baf6369071f782ecdf0,Fortaleza Merchant 3DA383,1.0,GST-CE-E00CE76E
e3e290b38963293022cdcd6db8328103,Sao Paulo Merchant E3E290,3.33,GST-SP-5058ABF3
70b52a4cfc823994561b00bad161b4ed,Sao Paulo Merchant 70B52A,4.38,GST-SP-22E1C2A1
c1552b1dab6e6f760950368ae61fb600,Sao Jose Dos Campos Merchant C1552B,2.5,GST-SP-72A30D2C
596849622429351f47b32e6cae1055ff,Mogi Das Cruses Merchant 596849,4.0,GST-SP-FE1B7C75
e6ffc9ac6a7adc9d16a1cfc2286dd546,Sao Paulo Merchant E6FFC9,1.0,GST-SP-F2EA278D
bf0045791395e66460eb04749c68672a,Sao Paulo Merchant BF0045,4.0,GST-SP-5E9C03BE
718539d38d07dd351c76db862760e2e2,Campinas Merchant 718539,4.43,GST-SP-734620C2
b76f4d90e85657a240495c876313adc5,Hortolandia Merchant B76F4D,5.0,GST-SP-4293D212
979e9f8b5b39dd243a2550c8b05aecf0,Sao Paulo Merchant 979E9F,5.0,GST-SP-003593B0
22a23e5ac7061fc538cc2a019afaaf16,Belo Horizonte Merchant 22A23E,3.0,GST-MG-4F80C411
0b90b6df587eb83608a64ea8b390cf07,Maringa Merchant 0B90B6,4.01,GST-PR-0E1A3188
9200e6ce317b67196b6b0bad4d4bd567,Rio De Janeiro Merchant 9200E6,3.0,GST-RJ-C665C5C3
4c60877808f4318ef1107fbeb8f89afa,Atibaia Merchant 4C6087,4.0,GST-SP-410E81D6
3bb32fedaa74e4ad20f4ce067733bd31,Porto Belo Merchant 3BB32F,4.5,GST-SC-BC9D4809
ae8bfdbf1c2a2a2dee92d799db0a31c6,Toledo Merchant AE8BFD,4.12,GST-PR-BBC6BA15
1927cdb9fa74f5270097f6250e8e8f34,Marilia Merchant 1927CD,5.0,GST-SP-21FD233F
8a87611c08849ffeeccab52aa798b6c7,Curitiba Merchant 8A8761,2.77,GST-PR-56F10495
679769a98cfcc6da877c8486ff1c13f3,Ipatinga Merchant 679769,4.57,GST-MG-CCFD5E24
acf974e4d5950ad143a247471b831eb9,Caxias Do Sul Merchant ACF974,4.75,GST-RS-C7733044
20a7efa9721046319bdde5d60b6b5365,Laguna Merchant 20A7EF,5.0,GST-SP-EB594D32
febab0275244b9a49a623f0bd613ca2f,Pedreira Merchant FEBAB0,4.38,GST-SP-76BD5AA9
f3da5b2ff499efb8d4a6d371d175d7dd,Sao Paulo Merchant F3DA5B,3.82,GST-SP-E523B4B6
436bf27f2f18474fc6047702e9f8a866,Campinas Merchant 436BF2,5.0,GST-SP-16CD6696
d2f3e277560ed4c6361284429b00f037,Atibaia Merchant D2F3E2,4.71,GST-SP-787F6C89
cd843d4cf8ef32827de0396605163ba3,Juiz De Fora Merchant CD843D,3.8,GST-MG-BE1D8E6C
67883baaae6134ee81b271a542613728,Sao Paulo Merchant 67883B,4.11,GST-SP-736874DA
7dc9a3355bae96dd82008b313d3a456c,Dores De Campos Merchant 7DC9A3,5.0,GST-MG-BF541A25
05e107217c7266362fd44b75b2cd4cc4,Sao Paulo - Sp Merchant 05E107,4.2,GST-SP-D3D1E651
1acde099eb406aa220b1169b188b42da,Sao Paulo Merchant 1ACDE0,4.22,GST-SP-DB3C6B4D
d97df38225e5abadaff1e72cb72b823c,Sao Caetano Do Sul Merchant D97DF3,3.93,GST-SP-41575DEB
45213867cefbf2cd4c6177e10216a951,Araras Merchant 452138,3.86,GST-SP-E684B100
61b893c57e33626afb104d4112b1be76,Divisa Nova Merchant 61B893,1.0,GST-MG-9E247823
a420f60ff1aa9acc80d0e42959f2b313,Sao Paulo Merchant A420F6,3.95,GST-SP-D481A8AD
ff4ea69c2a729e83e63c7579e4ef8170,Guarulhos Merchant FF4EA6,4.5,GST-SP-EED01EB5
fa5fdc4e4bb6bd1009ad0e4ac4096562,Santo Andre Merchant FA5FDC,5.0,GST-SP-814A5F7F
916748bc99315c2d202898ae58b1617e,Sorocaba Merchant 916748,4.28,GST-SP-1CA95DAF
bc2ac6b95e1accce9858528ee566c17e,Campinas Merchant BC2AC6,4.56,GST-SP-7C349FDE
25debeafbce801fdd479539350185eee,Igaracu Do Tiete Merchant 25DEBE,2.67,GST-SP-A1AFE561
02c988090b766852e088c69d7fb3b551,Americana Merchant 02C988,4.58,GST-SP-80C4DCC0
e5f9e61ceb5f523cc966e0f34095032f,Brusque Merchant E5F9E6,4.2,GST-SC-962C77E0
ad97a199236354e53fcd91a5a913e9a2,Brusque Merchant AD97A1,4.53,GST-SC-515E5D0E
3606774ec64634822d78dc2db6d37045,Sao Caetano Do Sul Merchant 360677,3.0,GST-SP-2691877D
94165aea8a35c3c21499cbcae239b16c,Uberlandia Merchant 94165A,2.0,GST-MG-6D6432E8
c8665a4dd081a2c436b1cd921079d0d9,Pitangueiras Merchant C8665A,5.0,GST-SP-7CDCAFD7
c7dcd301ecfe5ab7f778ac172cf74be7,Belo Horizonte Merchant C7DCD3,2.5,GST-MG-9E2A7A1D
6c17baf138731a4aaacc3210adf2037b,Franca Merchant 6C17BA,5.0,GST-SP-38DDBBE4
50c361bcf670d16f6df4d52de3dff924,Sao Paulo Merchant 50C361,1.0,GST-SP-429047F2
32e5635e63cb374eb63afdd242fb6134,Rio De Janeiro Merchant 32E563,5.0,GST-RJ-D4974CD5
c1f12f926d0ba950578b4fa41115cbb6,Sao Paulo Merchant C1F12F,4.0,GST-SP-54DD8A0C
8602a61d680a10a82cceeeda0d99ea3d,Sao Paulo Merchant 8602A6,4.41,GST-SP-91FB9848
c3acdfac4e3e97ff87529454fbc03642,Sao Paulo Merchant C3ACDF,4.25,GST-SP-A553EFF3
fde0cc9ea29c8ccfc0a2c22256a58c71,Curitiba Merchant FDE0CC,4.49,GST-PR-6FE19144
e63e8bfa530fb16910dd6956e592bb81,Guarulhos Merchant E63E8B,4.26,GST-SP-6CB80A5A
c4f7fee5b0db50e87766f5a4d1b1b758,Sorocaba Merchant C4F7FE,2.88,GST-SP-156A004B
d7485b33791774c36108f8c69602d48d,Curitiba Merchant D7485B,3.7,GST-PR-A63A864E
515d781150feed28a6ac091bb0e3cb8c,Campo Grande Merchant 515D78,4.17,GST-MS-85A0137A
e908c0f3646e8b60375734a350d95d71,Sao Paulo Merchant E908C0,4.0,GST-SP-D9BB657F
2646baaf662d4d92ac48f047e35db92d,Sao Paulo Merchant 2646BA,4.47,GST-SP-5808CF24
13fa2a6c6b9d0f43cb588d7c82117a12,Sao Paulo Merchant 13FA2A,4.2,GST-SP-E8F8461B
5343d0649eca2a983820bfe93fc4d17e,Santo Andre Merchant 5343D0,3.83,GST-SP-01D1895D
7c9130f5f3729edd32aa059141d92484,Garca Merchant 7C9130,3.33,GST-SP-0DE6A27E
e4ebd3f87bf70440014f07ddda7fbe03,Presidente Epitacio Merchant E4EBD3,4.57,GST-SP-716A910D
33a17d60c64393351ebf1ef860f4e0f2,Porto Alegre Merchant 33A17D,4.63,GST-RS-7D2244F6
640e21a7d01df7614a3b4923e990d40c,Ibitinga Merchant 640E21,4.3,GST-SP-10980A1A
d57e18d5f73c7ccb7f7339b61166898d,Sao Paulo Merchant D57E18,4.43,GST-SP-FCB0AF27
dd2bdf855a9172734fbc3744021ae9b9,Belo Horizonte Merchant DD2BDF,3.85,GST-MG-9C403891
9d213f303afae4983637247556438ede,Ibitinga Merchant 9D213F,5.0,GST-SP-59EFD2CA
aadfe0417e61315688b6bd7043361e25,Goiania Merchant AADFE0,4.0,GST-GO-DFF31314
079d295dcbf06ee8bb1b65ba964eb2b6,Sao Paulo Merchant 079D29,4.6,GST-SP-AC3CFBE8
55c26bcb609f480eb7868594245febb5,Tabatinga Merchant 55C26B,4.0,GST-SP-835D0681
cbf09e831b0c11f6f23ffb51004db972,Sbc/Sp Merchant CBF09E,4.4,GST-SP-BEF2FD50
7fdb0720c8d7c9075538b365dc8c3a22,Toledo Merchant 7FDB07,2.44,GST-PR-E31EB7B6
933446e9a59dece7ae9175103820ca8f,Curitiba Merchant 933446,3.0,GST-PR-E4D8960B
3f8247d0f772ffa58560e5c682521ad5,Joinville Merchant 3F8247,3.0,GST-SC-1C6791A8
e46bc031f2c5bae4ccb40bb90712e9b4,Sao Paulo Merchant E46BC0,1.0,GST-SP-F1360410
4aba391bc3b88717ce08eb11e44937b2,Arraial D'Ajuda (Porto Seguro) Merchant 4ABA39,3.9,GST-BA-435D8247
fcba71d4d5db057f43249145e4eb1e27,Limeira Merchant FCBA71,4.67,GST-SP-A14392A6
c747d5b92c7648417faea95d36d763e8,Pacatuba Merchant C747D5,5.0,GST-CE-E482AE0B
715bbd5ba4e6b74cb0d2f29eb45058b0,Serra Negra Merchant 715BBD,4.47,GST-SP-6FE89FBF
1430239a858e7682bbc43b20758af153,Sao Paulo Merchant 143023,4.11,GST-SP-8D2B8002
bb7a14e229b1c95156719c3d9552eeee,Rio De Janeiro Merchant BB7A14,4.18,GST-RJ-886C5311
d598f929fc44e1e38678e7f47250ec04,Formosa Merchant D598F9,5.0,GST-GO-AFF1BB7D
edc518ba25576a0188a0e8f2c3af186f,Guarulhos Merchant EDC518,3.67,GST-SP-42508AFE
4c18691b6037662be2df78a765d98ab5,Sao Paulo Merchant 4C1869,3.87,GST-SP-4656C3F8
8f2b51a30523cdecddc2f179f351c7d6,Sao Paulo Merchant 8F2B51,4.14,GST-SP-F821911A
6b536a23086fba0d58c08d68814397f6,Niteroi Merchant 6B536A,3.95,GST-RJ-E858D506
95f83f51203c626648c875dd41874c7f,Borda Da Mata Merchant 95F83F,3.62,GST-MG-A2319816
6b243f80ed07b10f0e8aa0f21a205f3c,Curitiba Merchant 6B243F,4.27,GST-PR-4696B264
e7f3bf1ecd8526eb7f3b18059e6716e5,Ubatuba Merchant E7F3BF,4.56,GST-SP-3501885C
4d600e08ecbe08258c79e536c5a42fee,Entre Rios Do Oeste Merchant 4D600E,4.0,GST-PR-6FB5CA2C
2089a6d640999f9b9141ac719b2af596,Sao Carlos Merchant 2089A6,3.73,GST-SP-352C5CD1
2a167ca73899c85001a837d8fb4962f6,Sao Paulo Merchant 2A167C,4.5,GST-SP-F1350292
458c6fa920810ce2492da71bc26d9eec,Catanduva Merchant 458C6F,2.5,GST-SP-ADFE5CF8
7494d0dcba8551df6cf37f1b905dc2f7,Santos Merchant 7494D0,3.0,GST-SP-4D0F42C6
698f5fa55a5f73d0740e9d9a773e8093,Rio De Janeiro Merchant 698F5F,4.75,GST-RJ-B60F7DE3
4f0d637c1197fd65405ebd755ac9f86b,Taboao Da Serra Merchant 4F0D63,5.0,GST-SP-3CF44DBB
3969863bb8af7f72580b3b1ffd3a17b3,Sao Paulo Merchant 396986,4.08,GST-SP-FA58A34D
2a5b78b41cd05baeac8df54c6606b92c,Formiga Merchant 2A5B78,4.33,GST-MG-01A15C98
1f7dfad2cb384ea4d2d7e1ffbd78c407,Sao Paulo Merchant 1F7DFA,1.0,GST-SP-32719489
08f5819815f3d06545011850bd70f0a8,Santos Merchant 08F581,4.67,GST-SP-F654D220
b32be1695eb7ec5f10f72d9610a12527,Caxias Do Sul Merchant B32BE1,4.07,GST-RS-22CD2C2F
b94cc9f10ddc85e4ba73a6f7974e7101,Macae Merchant B94CC9,4.3,GST-RJ-8BDE47CC
53243585a1d6dc2643021fd1853d8905,Lauro De Freitas Merchant 532435,4.13,GST-BA-0238F498
6df688df543f90e9b38f4319e75a9d88,Belo Horizonte Merchant 6DF688,4.58,GST-MG-C07FAE3B
7f40d06aa0b5f1aa4f41af8c0480e2ef,Rio Claro Merchant 7F40D0,4.83,GST-SP-F3794A3D
dd88d13bea9e4c2bf47daf224f8141e5,Lajeado Merchant DD88D1,5.0,GST-RS-EBA37379
72c38a04bd6a1c3dbc5298425a0db86d,Cascavel Merchant 72C38A,3.75,GST-PR-AE836FA4
9e17b9d64683aebcbb9ee362d06463b4,Ribeirao Preto Merchant 9E17B9,1.0,GST-SP-7C6A2E00
b5bb2b985208834bd5bd86c7a402bbad,Venancio Aires Merchant B5BB2B,5.0,GST-RS-6B95C7D0
b1fecf4da1fa2689bccffa0121953643,Campo Grande Merchant B1FECF,4.95,GST-MS-831EE110
7b1222c3624aa89b9558b50a2594188c,Sao Jose Do Rio Preto Merchant 7B1222,4.45,GST-SP-76836A56
e595809a6c31ec4314fd06ef198c244d,Navegantes Merchant E59580,5.0,GST-SC-97419A7B
ba6b68b55fe8704377a7d43c8e5c0185,Belo Horizonte Merchant BA6B68,4.2,GST-MG-391748C9
b8114f2f589a6804810f04f99b36b498,Sao Bernardo Do Campo Merchant B8114F,4.75,GST-SP-AE6E6E76
83d7070a0b9a8b4625fa8682b819fabb,Cotia Merchant 83D707,1.0,GST-SP-AC0F0741
570d4583587a5fe2d47c7be89b91ad27,Sao Paulo Merchant 570D45,5.0,GST-SP-94A615DE
9591fc341b1bfb7ef561e2968ec6e011,Sao Paulo Merchant 9591FC,1.0,GST-SP-915EFB40
0af977692321d895349eded183341d28,Santos Merchant 0AF977,4.5,GST-SP-81B3ED02
b33aaadd1a8891d2dfef0c4c3bdf0371,Limeira Merchant B33AAA,3.94,GST-SP-B8E7A707
5d9dc90a686a8fddacffab6bab5653a3,Santana De Parnaiba Merchant 5D9DC9,4.17,GST-SP-85C682D9
cc80e2f693fa6e2408f47ccf62413fc1,Curitiba Merchant CC80E2,4.0,GST-PR-8D5DBAF9
dee656f0f566ed1aa85bd137c943f08f,Cruzeiro Merchant DEE656,4.37,GST-SP-DBE9DB75
ace601496e211a664100321f038f50af,Sao Paulo Merchant ACE601,2.0,GST-SP-631B826E
d673a59aac7a70d8b01e6902bf090a11,Ibitinga Merchant D673A5,3.92,GST-SP-85521B28
966cb4760537b1404caedd472cc610a5,Diadema Merchant 966CB4,3.85,GST-SP-E111758C
d4a5e99e0dd915df64ba55a7fbd583fd,Sao Paulo Merchant D4A5E9,3.0,GST-SP-ED4E03CF
6bcb2352a2a0c38b845f598298ab9d26,Maringa Merchant 6BCB23,3.0,GST-PR-A317A684
2c2c9832d1bb38c5b0034a3b47d313ee,Santa Maria Merchant 2C2C98,3.0,GST-RS-5E9B9A8A
f3b80352b986ab4d1057a4b724be19d0,Brasilia Merchant F3B803,4.17,GST-DF-5E09A864
b452cb0ae35044c4a53179c39f49fb06,Sorocaba Merchant B452CB,4.0,GST-SP-FC3379E6
0307f7565ff85b299b6e5ef162b1b1a9,Sao Jose Do Rio Preto Merchant 0307F7,3.14,GST-SP-B202246D
ffeee66ac5d5a62fe688b9d26f83f534,Mirassol Merchant FFEEE6,4.21,GST-SP-8E2294D7
3bfad056cf05c00dabe2f895925d83b1,Osasco Merchant 3BFAD0,1.0,GST-SP-BFA3A490
9aa388272ee334b6ae07bc73706e254a,Muriae Merchant 9AA388,4.33,GST-MG-FA1A9594
74bafed391319577bce6f4d2acc0589a,Sao Paulo Merchant 74BAFE,2.67,GST-SP-8B79B9E5
2b03ac196f5ed62ac483960fe0fa3b65,Sao Paulo Merchant 2B03AC,4.14,GST-SP-1FC58785
0b64bcdb0784abc139af04077d49a20e,Canoas Merchant 0B64BC,4.75,GST-RS-2852B0B4
0bfd0b434243adc5c2e1aa6baf19c6aa,Rio De Janeiro Merchant 0BFD0B,3.67,GST-RJ-829F2CB6
92d14edfb62ee5ae7fdff70b0f4e7233,Sao Bernardo Do Campo Merchant 92D14E,3.38,GST-SP-F60ADFED
5e105f5c9f63f5f1fd75d6cb942e55b1,Sao Jose Do Rio Preto Merchant 5E105F,4.5,GST-SP-D9F8145D
2fb25ab44bdbeae6a4d816e0d0c9d500,Volta Redonda Merchant 2FB25A,4.8,GST-RJ-217A5042
ed4311e67debd72b8610a5347a743087,Guarulhos Merchant ED4311,4.62,GST-SP-8D43384C
5bf397d04035b5f45cc41e82ec106803,Sao Paulo Merchant 5BF397,4.33,GST-SP-037AACB9
f9bbdd976532d50b7816d285a22bd01e,Sao Paulo Merchant F9BBDD,5.0,GST-SP-8865630C
e3e15e2c0b9700561efac21c6be48066,Sao Paulo Merchant E3E15E,2.0,GST-SP-E1035A3C
a5bff0f43eb51f0cad7c37fac7244c8a,Sao Paulo Merchant A5BFF0,4.75,GST-SP-851C7E3B
f52c2422904463fdd7741f99045fecb6,Santo Andre/Sao Paulo Merchant F52C24,4.25,GST-SP-50645B7E
14f2b3587172b9db894c9bad8dab520b,Ipe Merchant 14F2B3,2.5,GST-RS-5A450D02
1354d51653f645349064725ed204e85e,Sao Paulo Merchant 1354D5,3.79,GST-SP-DDA83EB9
eaaa46e98c9e61f6764dd1d7a2ab8b3e,Messias Targino Merchant EAAA46,5.0,GST-RN-3CD7E469
5b664594895aefb418afaee6d40a9a23,Petropolis Merchant 5B6645,3.94,GST-RJ-7F60C92F
bf00385a5f7fc1ef39a13c2e9ee50a5f,Sao Paulo Merchant BF0038,4.31,GST-SP-303E4906
391bbd13b6452244774beff1824006ed,Campinas Merchant 391BBD,1.0,GST-SP-F3562304
c714262700f93defc16bf17a51a4cb23,Sao Paulo Merchant C71426,3.75,GST-SP-9396FE47
bcd2d7510d58e293f20fad6438c1b314,Curitiba Merchant BCD2D7,5.0,GST-PR-AAE03037
ec4608a1f76453166bb312b2968aeaf4,Porto Ferreira Merchant EC4608,3.17,GST-SP-72D3F976
5c603ffb38cbbf25a0e0698941324143,Varginha Merchant 5C603F,1.0,GST-MG-2ACDE792
2bd05d410a8fd26dc4184a15f4f2f588,Belo Horizonte Merchant 2BD05D,5.0,GST-MG-D1A9EA0C
4dab98ca6cd6d3df586203cefd28a042,Porto Alegre Merchant 4DAB98,5.0,GST-RS-8D8E6927
293dee954235e4e4e43f129313625ebe,Brasilia Merchant 293DEE,5.0,GST-DF-D51ECACE
cd68562d3f44870c08922d380acae552,Ribeirao Preto Merchant CD6856,3.94,GST-SP-065A0373
082e0bf4cb865a6533b1e8e498cc0255,Botucatu Merchant 082E0B,3.27,GST-SP-EA4C54AF
c286ec035ee04ba81c97508f0b5df544,Curitiba Merchant C286EC,2.5,GST-PR-6C5F13C1
dd8a29ce82d5c705ba932d81494600a5,Sao Paulo Merchant DD8A29,3.5,GST-SP-4AC770D8
41da412d33e8da4f22baf55cb1bde82c,Domingos Martins Merchant 41DA41,4.67,GST-ES-6D6E3709
782f78b632a43875dd5b53e3e49c9564,Campinas Merchant 782F78,3.0,GST-SP-61981B35
28405831a29823802aa22c084cfd0649,Sao Paulo Merchant 284058,4.29,GST-SP-65E157DB
fe19dce63ae80346207c6c55713d1023,Uberaba Merchant FE19DC,5.0,GST-MG-5F9B4694
a67780aba9dd436e7ac0aa1f889e73ec,Presidente Prudente Merchant A67780,3.67,GST-SP-323C9480
d594982fd877af63ace38ea1fca27c76,Sao Paulo Merchant D59498,4.43,GST-SP-203FBCB1
dda37071807e404c5bb2a1590c66326f,Sao Paulo Merchant DDA370,5.0,GST-SP-B9F9FA96
5bc55dbe2f12b6af6d83ed46023e0dc8,Coronel Fabriciano Merchant 5BC55D,2.41,GST-MG-B8BA0F5A
b1b3948701c5c72445495bd161b83a4c,Sao Paulo Merchant B1B394,1.72,GST-SP-BA382CAD
4e92348462c75b6c842b994ce84a0ed4,Cachoeirinha Merchant 4E9234,5.0,GST-RS-1F231E22
6e13dd869aa7185f601c941423abcc8f,Sao Paulo Merchant 6E13DD,4.8,GST-SP-41D0C3BF
723cd880edaacdb998898b67c8f9da30,Ibitinga Merchant 723CD8,4.09,GST-SP-81CA535B
00ee68308b45bc5e2660cd833c3f81cc,Sao Paulo Merchant 00EE68,4.3,GST-SP-9BA23DB2
1fbe10c70e30765ed1de86d9f7e98409,Maua Merchant 1FBE10,2.5,GST-SP-E157EFF3
001e6ad469a905060d959994f1b41e4f,Sao Goncalo Merchant 001E6A,1.0,GST-RJ-5DB66B0D
685b870da5b52a710782c9c0fefbeb5b,Sao Bernardo Do Campo Merchant 685B87,2.0,GST-SP-2CE5C4BB
701938c450705b8ae65fc923b70f35c7,S Jose Do Rio Preto Merchant 701938,4.01,GST-SP-4263F87E
f3862c2188522d89860c38a3ea8b550d,Ribeirao Preto Merchant F3862C,5.0,GST-SP-588BA7E2
f5f1f2c5f923f36ad79ea1d07185ddc9,Taruma Merchant F5F1F2,3.25,GST-SP-990628A9
cf8ab1616079e2793aa29d524df01bb1,Sao Paulo Merchant CF8AB1,2.0,GST-SP-13CD253E
160851d3ece7aa1a510f8d1a4bb8a8af,Garca Merchant 160851,5.0,GST-SP-C059F89E
61c36f0fc4a47f9532e5512b66668e62,Guarulhos Merchant 61C36F,1.0,GST-SP-C7ED0B73
59b22a78efb79a4797979612b885db36,Uberlandia Merchant 59B22A,3.98,GST-MG-89707D73
553a440137d6e0cf776aee0bb83ac9f5,Limeira Merchant 553A44,1.0,GST-SP-D1912516
ea8482cd71df3c1969d7b9473ff13abc,Sao Paulo Merchant EA8482,4.0,GST-SP-D0941ED1
72bc2cce903c872fe376a8faaa81d237,Sao Paulo Merchant 72BC2C,4.65,GST-SP-ADF9FD80
65c255b299faf2d12050937cc219c46c,Sao Paulo Merchant 65C255,4.5,GST-SP-953FE275
f09e26011d833ddab11593c1a097a92a,Pirassununga Merchant F09E26,1.0,GST-SP-0CFA33D3
72c73be2b085b9d57650dd53eb2004c9,Sao Paulo Merchant 72C73B,5.0,GST-SP-89B9E8B1
c2bda99904207edd1834f03e0022b007,Sao Paulo Merchant C2BDA9,2.5,GST-SP-631E9CE7
3d4824f20035949c710eaf111f869d39,Sorocaba Merchant 3D4824,4.11,GST-SP-DC6C5B05
042573af89b6d931f672efaf789d8358,Sorocaba Merchant 042573,3.67,GST-SP-C23917AF
5b925e1d006e9476d738aa200751b73b,Sao Paulo Merchant 5B925E,4.61,GST-SP-F26CC40D
06bb3a2fe5e7b7a845b13e8fb91bd944,Belo Horizonte Merchant 06BB3A,4.59,GST-MG-C8DEB2D0
5f5a58930c3c35f3b5af264f34fb8c85,Ribeirao Preto Merchant 5F5A58,5.0,GST-SP-9349ED8D
fe2032dab1a61af8794248c8196565c9,Campinas Merchant FE2032,4.38,GST-SP-559F5664
3092c0b297aacfb4bb6e056ebe13b9b8,Aruja Merchant 3092C0,3.63,GST-SP-626753FA
c004e5ea15737026cecaee0447e00b75,Sao Paulo Merchant C004E5,1.0,GST-SP-181DE826
8629a7efec1aab257e58cda559f03ba7,Goiania Merchant 8629A7,1.0,GST-GO-31DF4A5A
1c56ffe0e9dea2657fc6e95b53f40b13,Sao Carlos Merchant 1C56FF,4.33,GST-SP-39F8483C
74a9b9bddf14ece02beb81f52c41a88d,Sao Paulo Merchant 74A9B9,3.5,GST-SP-4BEA5B62
1cbd32d00d01bb8087a5eb088612fd9c,Sp / Sp Merchant 1CBD32,4.18,GST-SP-48B4D486
850857dfac77488c307e2b1cbd84ab5a,Cascavel Merchant 850857,5.0,GST-PR-E12017D3
e0a366315b1b726b6c7832d664c0f530,Sao Paulo Merchant E0A366,4.3,GST-SP-922B9042
4049512728d969bec69f84088b012416,Belo Horizonte Merchant 404951,5.0,GST-MG-35171CDE
120476eb7a04c149d14772edaf5d9bf2,Angra Dos Reis Merchant 120476,4.25,GST-RJ-0C842A4D
cd6efc47efaabf134f8bdb654e10b4f1,Rio De Janeiro Merchant CD6EFC,4.48,GST-RJ-183453D6
2a7c6c0b0d5efde2bf75ec1e1cec2d41,Maringa Merchant 2A7C6C,3.33,GST-PR-E595CC2E
4e17c65a516f69d023a2ae78b84f28d6,Suzano Merchant 4E17C6,4.23,GST-SP-1CB847D5
a8739afb32aaa45e01815ca76f76f54b,Sao Bernardo Do Campo Merchant A8739A,3.77,GST-SP-6E8797F1
d4828feed4cda2cd9d6b37899a95a71e,Juzeiro Do Norte Merchant D4828F,2.0,GST-CE-A0F340AF
e3d3b3efac954a60d61be70b7e05b49b,Sao Paulo Merchant E3D3B3,4.33,GST-SP-A3334BCA
d558ebe531605a1285ab2b1bc3256dfb,Divinopolis Merchant D558EB,4.67,GST-MG-44987B24
c7a0a13cbcf29d5ce51c8f80afdc0b89,Laurentino Merchant C7A0A1,4.12,GST-SC-E683B5DF
33ac3e28642ab8bda860a2f693000e78,Cotia Merchant 33AC3E,4.21,GST-SP-5A7EB345
8936ba0de1073ee888cb3185ae5dc661,Sao Paulo Merchant 8936BA,5.0,GST-SP-A31414C1
18a349e75d307f4b4cc646a691ed4216,Sao Paulo Merchant 18A349,3.44,GST-SP-8E780B1D
a72c2f59332659e361d647515c698798,Flores Da Cunha Merchant A72C2F,4.8,GST-RS-67853A6C
b55638ad525e906c698fa2ce742c1742,Imbituba Merchant B55638,4.18,GST-SC-161646C4
be9a160a9011f627c3e121d076c1ec7b,Jaragua Do Sul Merchant BE9A16,3.57,GST-SC-C913DE30
ed859002ad59dbf8cf3602696a6c3000,Londrina Merchant ED8590,3.71,GST-PR-39E0C087
12b9676b00f60f3b700e83af21824c0e,Montenegro Merchant 12B967,4.51,GST-RS-99EC734F
ef2fbc2b607d8492bcffe657a4645434,Rio De Janeiro Merchant EF2FBC,3.85,GST-RJ-F345CB50
a080fc8a850289b27500f6b49cca2553,Sao Paulo Merchant A080FC,4.75,GST-SP-C08EF51B
9c57bc60cfad5ee62d35d3f1ce4593a1,Curitiba Merchant 9C57BC,1.0,GST-PR-48DC8316
9539213aa8e023c01937bef95dc006da,Sao Paulo Merchant 953921,4.56,GST-SP-9A3FC2B2
69a43819c758c65a5befb0b471c954d7,Apucarana Merchant 69A438,4.0,GST-PR-B3B5E8C9
8fdca8e349553f99bc738833a62c8802,Sao Paulo Merchant 8FDCA8,4.19,GST-SP-09424A71
0bb27263628258b8111a0262769fa9db,Sao Paulo Merchant 0BB272,5.0,GST-SP-D5320172
08061dc0fc165ed41288cc7acde738ee,Osasco Merchant 08061D,4.5,GST-SP-0C7A71A2
4ebdc7e6cd6102a022dadc49156d4ea8,Sao Paulo Merchant 4EBDC7,3.83,GST-SP-57D17DDD
f918546be4bec7104d117789ba758b2b,Sao Paulo Merchant F91854,3.85,GST-SP-73EC7D73
eb4a59a06b3948e851a7d7a830bcbc42,Salvador Merchant EB4A59,3.0,GST-BA-B922FF16
80146bc52c4f6af5239b23de2a20262b,Taboao Da Serra Merchant 80146B,3.0,GST-SP-7EC7651C
4091f77d8c768fc3e81c20761471761d,Sao Paulo Merchant 4091F7,2.75,GST-SP-C23C2B77
0dfbed20065e425d2eaefb101f9816c0,Porto Ferreira Merchant 0DFBED,2.67,GST-SP-11B4B788
26bad72add1f86e08a776ce4ffdaf1ca,Pedregulho Merchant 26BAD7,4.43,GST-SP-C2D0C1C2
e174dc2de86d60fee178170a154c05e7,Santo Andre Merchant E174DC,1.0,GST-SP-6AF63052
612170e34b97004b3ba37eae81836b4c,Novo Hamburgo Merchant 612170,4.43,GST-RS-3710D4A7
2a84855fd20af891be03bc5924d2b453,Belo Horizonte Merchant 2A8485,4.25,GST-MG-DD8A5509
cf2384dd2f1dddea3f838efed0945e65,Serra Negra Merchant CF2384,3.94,GST-SP-8CD58A6D
377bc18334c78dd2f1535ef22a3ad225,Sao Jose Dos Pinhais Merchant 377BC1,5.0,GST-PR-9AABE31E
439a47cc365d6e3bd526812ea9de3c29,Mogi Das Cruzes Merchant 439A47,4.25,GST-SP-7A3C8626
6ba4733aa33f6386e9fb0c0fd3993b38,Torres Merchant 6BA473,4.67,GST-RS-0F7D5D30
4b39558c138930b9e5489c93b6df5fe3,Aracaju Merchant 4B3955,4.5,GST-SE-7DB39873
4b9750c8ad28220fe6702d4ecb7c898f,Limeira Merchant 4B9750,4.36,GST-SP-AB23C836
278b6e0b20c4f61fefaa0577943d7a35,Itajai Merchant 278B6E,1.0,GST-SC-B921DA0E
ba8e85df286308fe68a2ce83a8f8b2d6,Santa Catarina Merchant BA8E85,5.0,GST-SC-BD24CC85
2059c39f76271d4ca3f15b5ffaccc8b8,Curitiba Merchant 2059C3,4.5,GST-PR-6393CFEB
5a05a16bb50629ee31afab8a6d4c2674,Caxias Do Sul Merchant 5A05A1,4.21,GST-RS-406A7E90
edb65fe661681b1c0de8bd47c8655855,Sao Paulo Merchant EDB65F,3.0,GST-SP-0D5DEBCC
8cbac7e12637ed9cffa18c7875207478,Jaragua Do Sul Merchant 8CBAC7,4.12,GST-SC-0F8C08AA
fdb9095204a334cd8872252ffec6f2db,Sao Paulo Merchant FDB909,4.17,GST-SP-609B79DA
0cab2da43793a6f3c5ed8514c5f54627,Curitiba Merchant 0CAB2D,5.0,GST-PR-FE048F3C
5b97c06a046398e7005b2b7c0d707a92,Joao Pinheiro Merchant 5B97C0,3.25,GST-MG-B9F08BE6
aae3bfea055532c57fb453ed3ec80b30,Santo Andre Merchant AAE3BF,3.6,GST-SP-99792A13
866558b3bccef2dbc6d29a2b5995016f,Arapongas Merchant 866558,4.8,GST-PR-D634915A
cb5df0dcb9e280b1780e9d589889f2c7,Bady Bassitt Merchant CB5DF0,2.6,GST-SP-2276114C
9bcdfa7b615b3abb9461d9e3ad9886ae,Blumenau Merchant 9BCDFA,4.43,GST-SC-5B00E2D9
271c58a1d139c45eaf3316107c6d3a3b,Sao Paulo Merchant 271C58,4.07,GST-SP-7B1C7D95
2dee2ce60de9709b1a24083217181a1f,Sinop Merchant 2DEE2C,4.43,GST-MT-1E9F18AE
a154d7316f158bb42e6fa18bbe3afd3a,Sao Paulo Merchant A154D7,3.0,GST-SP-3183AF0E
f84fa566034f5e8e880a07ec624c56af,Indaiatuba Merchant F84FA5,4.22,GST-SP-3F737530
4c1c7281388a33dd06daac44f9fadbd1,Marilia Merchant 4C1C72,4.8,GST-SP-422761AB
2063dd1b9f568df1c16741ea7d3e6adb,Guarapuava Merchant 2063DD,5.0,GST-PR-7A340463
9cea4682e16655f7da87f406902e989e,Araucaria Merchant 9CEA46,4.0,GST-PR-9EA76467
b1ac6ea7895bc3dd6f0f6f4abbdd2821,Canoas Merchant B1AC6E,4.35,GST-RS-DAF810CD
851773c885feb5e2da3b4f82bc2b17ce,Lencois Paulista Merchant 851773,4.2,GST-SP-A845926B
0ff83046c3fa22efee8ecf291888b191,Caxias Do Sul Merchant 0FF830,4.8,GST-RS-0E74A7E6
2b2fed75b8e5ea3a052fc4c0825da485,Juiz De Fora Merchant 2B2FED,5.0,GST-MG-CF7EEC3D
9f50216bfd01913736a55a11b55ea842,Taubate Merchant 9F5021,4.41,GST-SP-8CA0D655
2d518637f53161b973e01f56ea4bb88e,Sao Paulo Merchant 2D5186,4.92,GST-SP-523E4320
aafe36600ce604f205b86b5084d3d767,Sao Jose Merchant AAFE36,4.4,GST-SC-5FB5745C
efff9341f3f8f5237b44ff67ed36a7bf,Vitoria Merchant EFFF93,4.4,GST-ES-CDCA1329
a7d0f8dd44f57ef6de7f7f02e3d82630,Sao Paulo Merchant A7D0F8,4.5,GST-SP-93FD2E39
5b07547f10dd980738a1a27f685af669,Guarulhos Merchant 5B0754,4.46,GST-SP-E55E7694
a99504ac23ed125aaf5302af6cc30af9,Batatais Merchant A99504,5.0,GST-SP-99888E86
5882820ef11c4c068eea0677a7a879b4,Caxias Do Sul Merchant 588282,4.15,GST-RS-1090AAE3
7357b52d27cbaa90f81a96cbc1279396,Lagoa Santa Merchant 7357B5,4.33,GST-MG-2DBB820A
180c3376aff0e43dd5788709df48a843,Sao Paulo Merchant 180C33,4.4,GST-SP-6C445930
b4b447d715f9ab302a188fb43d3e96b3,Sao Paulo Merchant B4B447,4.8,GST-SP-AF7F3B7F
5e25c632f9db6cfb8bc100421c2737b6,Chapeco Merchant 5E25C6,5.0,GST-SC-671743B0
f4c4daa86e30c7e5a553a8d518ac03a5,Cascavel Merchant F4C4DA,3.7,GST-PR-E21CE389
398cb257329ef7af7f1943a8974a3cbc,Salvador Merchant 398CB2,5.0,GST-BA-FCB05A51
4003520d80d0bad1d5623f7aa3c63cda,Rio De Janeiro Merchant 400352,1.0,GST-RJ-111FD2EE
3289d8c3eef4873f91ce0b1343c0dd58,Praia Grande Merchant 3289D8,5.0,GST-SP-8C942761
b0f2a6122a90a93eb03e68653dd960e3,Curitiba Merchant B0F2A6,4.83,GST-PR-075A474F
6c1b6d0c604b776f844125f911eb7377,Sao Paulo Merchant 6C1B6D,3.4,GST-SP-79FC3D45
c4af86330efa7a2620772227d2d670c9,Mogi Das Cruzes Merchant C4AF86,4.33,GST-SP-DC2F4C39
a888faf2d1baececa6baf9c3d603ee1f,Umuarama Merchant A888FA,4.04,GST-PR-5DB5B147
681fce914360217db47784ae28905a96,Araucaria Merchant 681FCE,4.0,GST-PR-48C90692
31be790e64fc99f8ff48ec2bd18a3104,Sao Bernardo Do Campo Merchant 31BE79,4.33,GST-SP-E2C7ED8D
7b3447b497e55af8c15fc7bd89d7b81a,Sao Paulo Merchant 7B3447,5.0,GST-SP-63D4BAB9
e560e4022d8f7aebf155db95946c5c0f,Belo Horizonte Merchant E560E4,5.0,GST-MG-32349EF9
2f9b7ce230a057a98a9f5df5893ee36c,Barueri Merchant 2F9B7C,4.5,GST-SP-CC85EA48
41b39e28db005d9731d9d485a83b4c38,Santo Andre Merchant 41B39E,4.05,GST-SP-F858D6A1
809413606dbfe5deefd2db646693ef67,Sao Paulo Merchant 809413,4.33,GST-SP-C1817606
609e1a9a6c2539919b8205cf7c4e6ff0,Brusque Merchant 609E1A,3.81,GST-SC-FC14D5F9
c3e2398fcc7e581cda2e546557bf6968,Sao Paulo Merchant C3E239,5.0,GST-SP-ABC5C49F
740205fedfe4e90ca6857bc77db0f2b4,Caxias Do Sul Merchant 740205,5.0,GST-SP-DCFBA86D
c79151301b9d90985d1fa52879213105,Maringa Merchant C79151,3.75,GST-PR-A97DE66D
3e46a38ee171c503c3b4a3f23fe3bf0c,Sorocaba Merchant 3E46A3,5.0,GST-SP-C5D6D687
3d4b1ae7539303b5704493798893e82c,Sao Paulo Merchant 3D4B1A,4.83,GST-SP-5BB44ADB
bdf0d02d36a1d839d0c39c4a887cdd49,Birigui Merchant BDF0D0,5.0,GST-SP-CB9775AE
65a7c0788e4d632ccb5e1b594b87f0bb,Sao Paulo Merchant 65A7C0,4.5,GST-SP-A2CED251
d7f1cfc638473be93baedbfd02208016,Belford Roxo Merchant D7F1CF,5.0,GST-RJ-A94ABE93
001cca7ae9ae17fb1caed9dfb1094831,Cariacica Merchant 001CCA,3.98,GST-ES-FCE14EE0
7f35f9daf223da737b78738fbae4d977,Valinhos Merchant 7F35F9,4.0,GST-SP-8FDB98FE
2eb70248d66e0e3ef83659f71b244378,Campinas Merchant 2EB702,2.69,GST-SP-6DBF4239
6061155addc1e54b4cfb51c1c2a32ad8,Campinas Merchant 606115,4.67,GST-SP-0163460D
8b87cd0d43d49b9bdf40f56229364d59,Sao Paulo Merchant 8B87CD,2.6,GST-SP-C1F3E547
52a50b42accf164f9f019941e5759d9b,Monte Alegre Do Sul Merchant 52A50B,4.75,GST-SP-9A0C729F
c6bda72e4dbf5c5866b13cb1810c6d03,Sao Paulo Merchant C6BDA7,4.38,GST-SP-5D474224
270572bb714b00531be85e16e1550f26,Maua Merchant 270572,5.0,GST-SP-16BDFDEF
16bdc8cefd0e32a6f0824d296c5ad14a,Sp Merchant 16BDC8,5.0,GST-SP-5141A060
4a82c4af97ffc0fb2dc26bfdc03b1842,Lagoa Da Prata Merchant 4A82C4,5.0,GST-MG-AA117724
3985a3c45be355a4c57fde108bfabd1c,Rolante Merchant 3985A3,4.0,GST-RS-C31C74D0
07e8e8fc5222bb358e6f259da3197074,Sao Paulo Merchant 07E8E8,4.0,GST-SP-8D518C19
cd06602b43d8800bd0afad514919d35c,Sao Paulo Merchant CD0660,3.68,GST-SP-E9626C29
8f0fbe2cd4d472157dc1cdef6edecaa9,Sao Paulo Merchant 8F0FBE,3.0,GST-SP-EC8D84A1
f44b6f775a2b390380e0e30b5c9d3eee,Sao Paulo Merchant F44B6F,4.9,GST-SP-4197D8D1
365e4bce19bda0082c3d15d83fdb8bcd,Sao Caetano Do Sul Merchant 365E4B,4.67,GST-SP-76AA2DE6
2e0dba2da448400b1c11d7b4b22f32a4,Santo Andre Merchant 2E0DBA,3.14,GST-SP-C6DBF521
e882b2a25a10b9c057cc49695f222c19,Teresopolis Merchant E882B2,4.59,GST-RJ-B6370F11
734def04b237117a09321dd6d8f3f2a2,Araras Merchant 734DEF,5.0,GST-SP-EC7EA5C3
28c7d8743fbc8679f484868cc0fcaefb,Itaporanga Merchant 28C7D8,5.0,GST-SP-19B904E2
9baf5cb77970f539089d09a38bcec5c3,Indaiatuba Merchant 9BAF5C,4.31,GST-SP-BABD87FE
e3dd723429d1b23614b7fa85e2c7a853,Sao Bernardo Do Campo Merchant E3DD72,3.71,GST-SP-5E26E0E8
f4a04f7be452aa3bb31760bf00055dd0,Santo Andre Merchant F4A04F,4.67,GST-SP-A3BEEE52
dbc22125167c298ef99da25668e1011f,Borda Da Mata Merchant DBC221,4.27,GST-MG-BE51EB78
bc302730ea8cf49b5c74f579febb5bbf,Campinas Merchant BC3027,3.82,GST-SP-330D1FC9
e64ddbe1cbcf4f2fc3092b7c481f3f9d,Sao Paulo Merchant E64DDB,5.0,GST-SP-6D876238
56e361f411e38dcef17cdc2a3d99628b,Guarulhos Merchant 56E361,4.0,GST-SP-8E2EBAB9
048c2757535328e0d7dac690ad3c0aae,Franca Merchant 048C27,4.18,GST-SP-8E12ED47
bdb3edbaee43a761e2d4f258dc08f348,Lencois Paulista Merchant BDB3ED,3.8,GST-SP-7396453A
b127efdabeffb5d559349c7b172eb75d,Sao Paulo Merchant B127EF,4.8,GST-SP-22654874
951e8cef368f09bb3f3d03c00ca4702c,Ibitinga Merchant 951E8C,4.08,GST-SP-9AA11973
33d677f27a69b84051204ee4ae76eaca,Joinville Merchant 33D677,4.56,GST-SC-D9B14596
b88e7c57cb2d8b973b7dd4a2bfa14b36,Curitiba Merchant B88E7C,4.25,GST-PR-DAF9CABE
1967a9e2ad6f51802b093147d861df58,Sao Paulo Merchant 1967A9,1.0,GST-SP-CE0C52CB
9da15f4a4ea758d9eeb49000dbe57e22,Osasco Merchant 9DA15F,2.0,GST-SP-0B080549
d91fb3b7d041e83b64a00a3edfb37e4f,Praia Grande Merchant D91FB3,4.1,GST-SP-E9A82AB7
749e7cdabbaf72f16677859e27874ba5,Guarulhos Merchant 749E7C,1.0,GST-SP-7EABA51D
3d5d0dc7073a299e31fa718ce1bc00b6,Rio De Janeiro Merchant 3D5D0D,4.3,GST-RJ-A337E609
688756f717c462a206ad854c5027a64a,Guarulhos Merchant 688756,3.86,GST-SP-758AAA55
56a8b450e802502ba53a9885ee38e29f,Sao Bernardo Do Campo Merchant 56A8B4,1.0,GST-SP-D898B6F3
9b00ed88b7fdb95d6ff76e27c1b52d16,Sao Paulo Merchant 9B00ED,4.47,GST-SP-B97F2B17
4be6b962d83299498bae2190f95d6566,Sao Carlos Merchant 4BE6B9,4.1,GST-SP-C99AD7FE
c13fb473e7cb8b83ccd543c094df0608,Sao Paulo Merchant C13FB4,3.5,GST-SP-1B1AAE20
17998cf586426bf0f2c3726cb0a4b211,Belo Horizonte Merchant 17998C,4.0,GST-MG-EC741829
c88f62b4c386a59281014d677864d016,Arapongas Merchant C88F62,1.0,GST-PR-BBF1B74A
c864036feaab8c1659f65ea4faebe1da,Campo Largo Merchant C86403,4.57,GST-PR-2EA9F9A9
8d899e15a5925f097cca50faa49b15e3,Sao Roque Merchant 8D899E,3.75,GST-SP-85AC7311
79565f7d5603b24ddf07ade262547f2f,Araraquara Merchant 79565F,4.0,GST-SP-90E97435
ba143b05f0110f0dc71ad71b4466ce92,Sao Paulo Merchant BA143B,4.42,GST-SP-C1B4EC4E
4e0d109ccfba9a1151c103049880c857,Sao Joao De Meriti Merchant 4E0D10,3.0,GST-RJ-3BEFBA92
89dda63a3c907c468ec88c310ed91213,Maua/Sao Paulo Merchant 89DDA6,3.0,GST-SP-7D6C43C5
c522be04e020c1e7b79f3acff36513d5,Santana De Parnaiba Merchant C522BE,3.57,GST-SP-07F66B30
5f5b43b2bffa8656e4bc6efeb13cc649,Sao Paulo Merchant 5F5B43,4.41,GST-SP-AFFFDF7C
87f3e35268860433e13d577825aada95,Bom Jesus Dos Perdoes Merchant 87F3E3,1.0,GST-SP-DDCC29DB
c5e60e39c0f42b8e827daa13cff74afa,Sao Paulo Merchant C5E60E,4.5,GST-SP-0A02DAE9
bca9230d3bbb4efa51872bf605a2f1ad,Sao Paulo Merchant BCA923,4.0,GST-SP-30BBED1C
4bc3d93e4a5f88a598d3d8ce4ae510b3,Sao Paulo Merchant 4BC3D9,1.0,GST-SP-ADF49BAF
6e864f5c4669eff3d98140a07cc50202,Sao Paulo Merchant 6E864F,4.46,GST-SP-B566D971
7bcd7c5f8631701474db233ccf1c094b,Sao Paulo Merchant 7BCD7C,3.64,GST-SP-29897F73
8b2d4ab22f42c5cfc338b846decfda60,Fazenda Rio Grande Merchant 8B2D4A,4.83,GST-PR-BDBEAC65
d9bd94811c3338dceb4181f3dbc0c73e,Sao Paulo Merchant D9BD94,4.8,GST-SP-C9E3D1FC
e70053bf73d1b5863932e53a9fa47496,Sao Paulo Merchant E70053,4.29,GST-SP-C1F82F26
dbd66278cbfe1aa1000f90a217ca4695,Sao Paulo Merchant DBD662,4.51,GST-SP-ABFC93BD
e7d5b006eb624f13074497221eb37807,Santo Andre Merchant E7D5B0,3.93,GST-SP-8E47BE90
6c9875b2f94ba781186f0c1aed8d1687,Brotas Merchant 6C9875,5.0,GST-SP-C32C2AF0
d63f306de130e0391d38a792541723b8,Sao Paulo Merchant D63F30,5.0,GST-SP-63E4E690
2f74af7a0ee5636f12c2336f9fffed47,Sao Paulo Merchant 2F74AF,4.31,GST-SP-AD05E363
c7fdb77fdbff3c41981bc52f787e959e,Santo Andre Merchant C7FDB7,3.3,GST-SP-B7A91EB0
04fdea0c111866e6cf812f1570d6b5bd,Sao Paulo Merchant 04FDEA,3.2,GST-SP-8582A549
63b464dbf392c7b80d12d932fa7cafed,Sao Paulo Merchant 63B464,3.78,GST-SP-ABC936F5
747c1cdcd1737dcfbd1547f6eb6f2cf3,Ibitinga Merchant 747C1C,2.5,GST-SP-A96A5F75
2b402d5dc42554061f8ea98d1916f148,Irece Merchant 2B402D,5.0,GST-BA-FA236EA5
9c068d10aca38e85c50202e17b4a7e88,Coxim Merchant 9C068D,4.12,GST-MS-9F6C931E
7c67e1448b00f6e969d365cea6b010ab,Itaquaquecetuba Merchant 7C67E1,3.49,GST-SP-B847EA73
9ef932e837d8b7f392c0bfee9d359dc2,Ibitinga Merchant 9EF932,3.0,GST-SP-0779558D
d8bf0fc082fd4a77fc2e5679b6c00133,Sao Paulo Merchant D8BF0F,5.0,GST-SP-F120B071
66dc1b1632bd6a3e508510c5b3492107,Jau Merchant 66DC1B,3.57,GST-SP-48C2F0D2
a7ecf689b40a44361e259b28939023e4,Vila Velha Merchant A7ECF6,5.0,GST-ES-65D40D96
939e6227d6964a11a70aa91243e418f2,Conselheiro Lafaiete Merchant 939E62,4.25,GST-MG-3A34EB62
db1f0f7c7e5e87f40b62226f020bb297,Pinhais Merchant DB1F0F,4.67,GST-PR-2F5C5B59
91f0eec23d4a61d7d7caeefa3f0ad1ca,Tubarao Merchant 91F0EE,3.55,GST-SC-2DC17FB6
edf3fabebcc20f7463cc9c53da932ea8,Sao Paulo Merchant EDF3FA,4.0,GST-SP-52FFD11F
b335c59ab742f751a85db9c411a86739,Araguari Merchant B335C5,3.85,GST-MG-A4B12D80
c24173065483e421f9e5e7f599de101d,Sao Paulo Merchant C24173,3.56,GST-SP-E61EECCD
01fdefa7697d26ad920e9e0346d4bd1b,Londrina Merchant 01FDEF,4.35,GST-PR-C758479A
d9e8c084b68fe958861d8f2c21202e6b,Sao Paulo Merchant D9E8C0,4.33,GST-SP-BAFE75D2
466222e777149751370e7e98fb623b0c,Rio De Janeiro Merchant 466222,5.0,GST-RJ-CAD7E328
43f8c9950d11ecd03a0304a49e010da6,Carapicuiba Merchant 43F8C9,4.56,GST-SP-9CFA3139
4450bd8327d471c4a11a83d1445b1b62,Cotia Merchant 4450BD,5.0,GST-SP-1DF1E9EE
257e61d3251fb5efb9daadddbc2cf7ca,Apucarana Merchant 257E61,4.75,GST-PR-D747AA70
5d76d80a2f5f39c891b996a1bf4c9853,Sao Paulo Merchant 5D76D8,4.83,GST-SP-B4C8C38D
e5def42655b7490edac5a56fe8e9e603,Amparo Merchant E5DEF4,5.0,GST-SP-57B8D715
091065b789659bc3cd9af9cb3a6253ff,Canoas Merchant 091065,3.5,GST-RS-05C487E0
c74f14c1e26cf1bd5bd34b6a1e274426,Sao Miguel Do Oeste Merchant C74F14,5.0,GST-SC-44DD18FB
c26a2be5b53b7db6b276280da212a779,Nova Friburgo Merchant C26A2B,3.38,GST-RJ-422A4BCF
cfa5ab0e4d3fc212fd0b3410e7081c62,Uba Merchant CFA5AB,3.69,GST-MG-58024490
19d62d484cba71963c93f0f00ab42013,Gaspar Merchant 19D62D,4.0,GST-SC-18163846
6750d71153f00fc58829af2a8ef1bcf1,Rio Bonito Merchant 6750D7,4.29,GST-RJ-6190DD70
c60b801f2d52c7f7f91de00870882a75,Guarulhos Merchant C60B80,3.32,GST-SP-B0125CD4
b57e8460909fa137df7951b4a3b5ea84,Porto Alegre Merchant B57E84,2.0,GST-RS-8CBE705F
eeb6de78f79159600292e314a77cbd18,Lages Merchant EEB6DE,4.45,GST-SC-A863A92A
abe021b01ba992245271b9aa422032df,Curitiba Merchant ABE021,3.5,GST-PR-F49C906A
5305693ffae2d3463377b1f6fe67b15a,Penapolis Merchant 530569,5.0,GST-SP-D75002A5
f049a72cf58fd31b11f8919cade515e7,Sao Paulo Merchant F049A7,3.33,GST-SP-56CA2763
e51f22821f0c12a16ad5c020cdcd55e9,Carapicuiba Merchant E51F22,4.75,GST-SP-22252D7D
a2a41aedb70551d4a85aa04dc2fced48,Sao Paulo Merchant A2A41A,4.0,GST-SP-07125429
4bf2f4ee540798a61f9636d12cd9cc80,Assis Merchant 4BF2F4,4.14,GST-SP-8EA05837
c0e0b73d039eb9a99b6ce4cb7a429cd3,Laurentino Merchant C0E0B7,5.0,GST-SC-34360E04
19484c79cef6c062cb177aa4ef2fcc3c,Valinhos Merchant 19484C,1.0,GST-SP-1743822B
25e6ffe976bd75618accfe16cefcbd0d,Sao Paulo Merchant 25E6FF,4.41,GST-SP-B4050EEE
9dda5bbacd45e18d6485fee649205d09,Santa Rita Do Sapucai Merchant 9DDA5B,4.11,GST-MG-28C4878F
2528744c5ef5d955adc318720a94d2e7,Jundiai Merchant 252874,2.4,GST-SP-28E069F2
b8d890108a7a80e4f5d59eea9f362438,Curitiba Merchant B8D890,3.5,GST-PR-E12C99BD
2c9005d8043aff18b8557ffb7b13cda4,Cachoeiro De Itapemirim Merchant 2C9005,5.0,GST-ES-B39B472C
062c325cd6a2b87845fab56b4ec2eeae,Sao Paulo Merchant 062C32,5.0,GST-SP-0AA653DE
1d8dbc4f32378d715c717c1c1fc57bae,Arapongas Merchant 1D8DBC,4.02,GST-PR-8CA54DCD
fc906263ca5083d09dce42fe02247800,Belo Horizonte Merchant FC9062,4.36,GST-MG-B56B5CB5
1d2732ef8321502ee8488e8bed1ab8cd,Rio De Janeiro Merchant 1D2732,3.0,GST-RJ-692C8F48
626ab1cd96932367f0eeec2e47046c12,Sao Paulo Merchant 626AB1,4.67,GST-SP-1658860E
a70e9066dbfd10b6b97a3f54a1356762,Mandaguari Merchant A70E90,5.0,GST-PR-22F23F07
ce69a8021d18961dd2a40269b7c2c293,Curitiba Merchant CE69A8,4.47,GST-PR-BCD243B6
9596c870880d900012f2e8e6e30d06d7,Varginha Merchant 9596C8,4.14,GST-MG-FB8A3926
4b98b0428fc1932cc2514ef9ce2505e6,Taboao Da Serra Merchant 4B98B0,2.33,GST-SP-455A400B
1da366cade6d8276e7d8beea7af5d4bf,Uba Merchant 1DA366,3.93,GST-MG-9BE7D99B
a3082f442524a1be452e3189e003b361,Curitiba Merchant A3082F,4.33,GST-SP-D9B7CB72
a56a8043ebf66e42119618fb8cf232c6,Joinville Merchant A56A80,5.0,GST-SC-E5FBA219
184725737946a1a938bbbd1a9e978103,Maua Merchant 184725,4.67,GST-SP-A846816C
3820c6537b3853be1a0687d5a60807ec,Cotia Merchant 3820C6,5.0,GST-SP-DEEFBA12
244b04680fdbded0acf5aebd9c92b44a,Jundiai Merchant 244B04,1.0,GST-SP-74FA7BEA
e96498ed8daaa3e9c23f7a62da76591c,Sao Paulo Merchant E96498,3.94,GST-SP-7513F685
5741dc2bf5044c34d0698681c5081bed,Sao Jose Dos Campos Merchant 5741DC,5.0,GST-SP-EF32D772
ad781527c93d00d89a11eecd9dcad7c1,Sao Jose Do Rio Preto Merchant AD7815,3.07,GST-SP-47B1C305
b5e3e38609125694d2ea2417522a60b7,Florianopolis Merchant B5E3E3,4.31,GST-SC-26F40BFC
bacb1f0ed56ad24198f5810d2b3fe9a5,Jacarei Merchant BACB1F,4.08,GST-SP-CA32E536
980640c45d7a4635885491d077167e4d,Rio Claro Merchant 980640,4.64,GST-SP-F07455C3
ae45ad30c2d2e5913094769690a239d2,Franca Merchant AE45AD,5.0,GST-SP-F5DB68E7
2cb98e27ce1c18abdb42209b34c382a7,Ribeirao Preto Merchant 2CB98E,4.0,GST-SP-815932CA
2156f2671501a81034d7d07f217609d0,Sp Merchant 2156F2,3.86,GST-SP-EAE31272
de0c78824586e9a5f5f04fd84e25df39,Vargem Grande Paulista Merchant DE0C78,4.64,GST-SP-45DB5621
128639473a139ac0f3e5f5ade55873a5,Maringa Merchant 128639,4.19,GST-PR-3185B965
0791d9fc1e30678ecf03d3e55fa108d3,Belo Horizonte Merchant 0791D9,4.0,GST-MG-22535E1F
7a241947449cc45dbfda4f9d0798d9d0,Jacutinga Merchant 7A2419,3.87,GST-MG-8002CE13
cfd7ddab722b902f7ac5b5f3ba6d723d,Contagem Merchant CFD7DD,4.75,GST-MG-7C3DD468
0e72c1a751b496722a6cb1f10653b62a,Sao Paulo Merchant 0E72C1,4.67,GST-SP-3BCB9C79
7e1fb0a3ebfb01ffb3a7dae98bf3238d,Franca Merchant 7E1FB0,4.16,GST-SP-C67956EC
376a891762bbdecbc02b4b6adec3fdda,Goiania Merchant 376A89,4.67,GST-GO-62C9D6F2
90b36c5aeb728d5504a39f435bef0c5f,Conchal Merchant 90B36C,4.2,GST-SP-684E9FFF
e76ecc7e9a1a1e3c6df9d2a8261c423d,Belo Horizonte Merchant E76ECC,5.0,GST-MG-50647156
1dfe5347016252a7884b694d4f10f5c4,Ibitinga Merchant 1DFE53,3.4,GST-SP-5B6F8D91
528bcf6680c36dddf07620bd35b33a6f,Sao Paulo Merchant 528BCF,4.5,GST-SP-F1F5DC47
f114dca2828bf718548db175ebe2cfcd,Cambe Merchant F114DC,1.0,GST-PR-3F88F999
33dd941c27854f7625b968cc6195a552,Vila Velha Merchant 33DD94,4.4,GST-ES-ECAE317D
579891617139df7d8671d373f0669622,Rio De Janeiro Merchant 579891,4.5,GST-RJ-091A79C3
48985c61529077fa4f1e38bcff0f2ed3,Porto Alegre Merchant 48985C,4.43,GST-RS-62BAD4B5
25c5c91f63607446a97b143d2d535d31,Itauna Merchant 25C5C9,3.8,GST-MG-199A1315
f205b1a3ca9a34e0f8a228bae6e4c7b3,Cachoeirinha Merchant F205B1,4.88,GST-RS-36F12F94
d2374cbcbb3ca4ab1086534108cc3ab7,Ibitinga Merchant D2374C,3.75,GST-SP-2A4AD4BC
ef728fa1f17436c91ed1ccd03dcf9631,Jau Merchant EF728F,4.33,GST-SP-E12A6D3A
1eade46fba20122dc4aefb379f8c636b,Sao Paulo Merchant 1EADE4,4.43,GST-SP-7F5D4E99
b9de031b671cd48b28fae9d828cbf2b4,Sao Paulo Merchant B9DE03,5.0,GST-SP-9844C019
6f835fd4be26989b1b064399da346143,Curitiba Merchant 6F835F,5.0,GST-PR-28B4C6B0
c9a06ece156bb057372c68718ec8909b,Brasilia Merchant C9A06E,3.0,GST-DF-FC3A352C
6b2612338467c08c9b25f0cc55b1578d,Marialva Merchant 6B2612,4.0,GST-PR-DCA94F37
40d54b51e962dbe09cabbcfd33298dee,Santo Andre Merchant 40D54B,4.0,GST-SP-8D9D778D
70c27847eca8195c983ed7e798c56743,Rio De Janeiro Merchant 70C278,4.23,GST-RJ-D3665B4B
b98b715fe9e276204e2a3464f48cd796,Sao Paulo Merchant B98B71,3.33,GST-SP-BDDC2851
0b1ca3ef18a63d7eb0c8897fa0849c08,Sao Roque Merchant 0B1CA3,5.0,GST-SP-6AF24D1E
37ceb404da208418c9032f0674e57804,Sao Paulo Merchant 37CEB4,1.0,GST-SP-4BB25C2C
05d2173d43ea568aa0540eba70d2ca76,Alfenas Merchant 05D217,4.18,GST-MG-8B7473EA
661ad5fcc28cdfb8bcadb12bb2272475,Balneario Camboriu Merchant 661AD5,5.0,GST-SC-9D0D22D3
999f6d9a1c7c81f43be44c6b7d076210,Sao Paulo Merchant 999F6D,4.5,GST-SP-CABBB069
101a3a003516bc11253298b2fad3cb65,Rio Claro Merchant 101A3A,4.8,GST-SP-4C4FFD52
b839e41795b7f3ad94cc2014a52f6796,Sao Caetano Do Sul Merchant B839E4,4.09,GST-SP-9EB64BDC
a20d8058c866dbaeca014d2cd20ac62e,Sao Jose Dos Campos Merchant A20D80,5.0,GST-SP-6F708B68
6824a69c9ea0313eba299dd4a2dba09a,Formiga Merchant 6824A6,4.67,GST-MG-2C05FA54
058cb5aeb36d7c0fcae20fc85d5e0a59,Rio De Janeiro Merchant 058CB5,3.58,GST-RJ-76DBFFD6
48efc9d94a9834137efd9ea76b065a38,Curitiba Merchant 48EFC9,5.0,GST-PR-CDC416D7
218f991754f360af9c2daa5e0b8e990c,Sao Paulo Merchant 218F99,3.64,GST-SP-35CE534A
5dc4bdaf869e8c77c648078cbe8d59c2,Florianopolis Merchant 5DC4BD,1.0,GST-SC-59914B0F
9261d76c62caaf0b24677c2ceb7f8f20,Palhoca Merchant 9261D7,3.83,GST-SC-E2C5261D
a3b0df0065e264a91b7bbf5f844af5cd,Sao Bernardo Do Capo Merchant A3B0DF,5.0,GST-SP-F1066D5A
37dd29b36c458d82f74a953c40c43645,Limeira Merchant 37DD29,3.86,GST-SP-F29C6881
077c5fae4bea9500e3737b16f71b9d3a,Sorocaba Merchant 077C5F,4.5,GST-SP-D796B26C
0dd184061fb0eaa7ca37932c68ab91c5,Guarulhos Merchant 0DD184,4.03,GST-SP-F70F6F7F
5b35136197710e16ac5e7b7c2bd4ea85,Rio De Janeiro Merchant 5B3513,2.57,GST-RJ-6F15F470
60562ab00b8054280520d390c8c0045c,Sao Paulo Merchant 60562A,4.76,GST-SP-EA82207F
1d29dfba02015238dfbe2449a5eaa361,Vicosa Merchant 1D29DF,4.5,GST-MG-DB49A79D
ad273c9eb54ecb4532de4bf75bae9e4e,Curitiba Merchant AD273C,4.1,GST-PR-3504F70B
7813ea3ebd9411dc600b4dd01f7a97b9,Osasco Merchant 7813EA,3.89,GST-SP-B808A683
559d56f3b8f0bc2e5a9a62fe2ce2a39f,Joinville Merchant 559D56,2.5,GST-SC-738BE92A
57df9869a600bd6b7c405f2a862eccfb,Santa Rita Do Sapucai Merchant 57DF98,4.4,GST-MG-0499528F
777a0c55737f34ffeb78010f7542ab41,Sao Paulo Merchant 777A0C,4.33,GST-SP-FF834401
2aa3443d7bf9d9bb11133f420d75e083,Rio De Janeiro Merchant 2AA344,3.0,GST-RJ-5FC0F104
c3867b4666c7d76867627c2f7fb22e21,Guara Merchant C3867B,3.91,GST-SP-98D9C0B5
0bae85eb84b9fb3bd773911e89288d54,Itajai Merchant 0BAE85,4.27,GST-SP-9FA455A8
35fb511489d9ee3ee27a76debce9df06,Londrina Merchant 35FB51,3.57,GST-PR-A1772FE5
df91910b6a03bb2e3358fa6a35e32f6f,Sao Paulo Merchant DF9191,4.36,GST-SP-A6EE7B16
7e3dde9ffba72d5340f9aaf09b4424be,Cambe Merchant 7E3DDE,1.0,GST-PR-18549003
dbdd0ec73a4817971d962698f2fea022,Fortaleza Merchant DBDD0E,4.38,GST-CE-712C3F05
8ff38bc3969e67c36c48343a07090f66,Sao Paulo Merchant 8FF38B,2.5,GST-SP-524824E3
6e1862e15f33d9994bc25922a85e1efc,Rio Claro Merchant 6E1862,4.43,GST-SP-FC0079D8
058fd0aa2bfdb2274e05e1ae971dabb6,Santo Andre Merchant 058FD0,4.39,GST-SP-325CDE85
f615fe7efbef0f4f08fd3086bc7a3e60,Atibaia Merchant F615FE,4.35,GST-SP-72C554EF
aa1eb17b9fdf6dfd546e25c45c7b9235,Sao Paulo Merchant AA1EB1,4.67,GST-SP-527599EA
07bf9669d84d1f11be443a9dd938f698,Sao Paulo Merchant 07BF96,3.72,GST-SP-03A96F33
08633c14ef2db992c11f840f04fad4cd,Ribeirao Pires Merchant 08633C,4.36,GST-SP-77DD045A
b0398568231ba5e6734af1881671a317,Colatina Merchant B03985,4.0,GST-ES-BD951D83
f419677537694f0462a91990df6ca44f,Sao Bernardo Do Campo Merchant F41967,4.0,GST-SP-9C02FCA9
e88c9b79e592e370d6bd852eeefbf057,Pato Branco Merchant E88C9B,4.75,GST-PR-97F93367
70bf57d811208f8923b41bbd499a67a4,Franco Da Rocha Merchant 70BF57,4.14,GST-SP-71FB34C1
8c0de775f52fe41590b376a3b7c50f68,Sumare Merchant 8C0DE7,3.89,GST-SP-D8ED5C23
7a91bf945c6fae0779f1c61ce97fe45c,Mesquita Merchant 7A91BF,3.8,GST-RJ-15B54884
6dc9bec584588412a6a338830946a3e4,Sao Paulo Merchant 6DC9BE,1.5,GST-SP-5F44FB98
b19c48688808720822399ffa9f2dbe2f,Sao Paulo Merchant B19C48,5.0,GST-SP-23A434A4
5b8154610ebb21fb90eb587365e673df,Sao Jose Dos Campos Merchant 5B8154,4.18,GST-SP-91A53396
bb2afe2061d53c6968aa0cffa233a8ec,Sao Paulo Merchant BB2AFE,4.8,GST-SP-8FEA01F3
1cbdc7cf130a41fd13a3c2a7d2fcfda7,Lambari Merchant 1CBDC7,5.0,GST-MG-B6A03E0E
fb89df7f89fd1b8f03fa2acca1ba7364,Foz Do Iguacu Merchant FB89DF,3.86,GST-PR-ABDED505
b18871c324516afa228a13e8f1ef0ae9,Sao Paulo Merchant B18871,3.44,GST-SP-09CBC025
17ca9b9e9b9ef8fdb529001b49ebb50f,Betim Merchant 17CA9B,4.05,GST-MG-44273D15
3f0e48d209018b466fcd3bb4ccfeb520,Curitiba Merchant 3F0E48,3.89,GST-PR-5B96E36F
9add47bf45ce8e8c7db6b9cf670b1e09,Fazenda Rio Grande Merchant 9ADD47,4.17,GST-PR-F16BA42C
acce39e832338debb07b02385cde5967,Contagem Merchant ACCE39,4.48,GST-MG-FBCC1732
397c4d0c005b6f41f90098ac724e28cb,Santo Andre Merchant 397C4D,4.4,GST-SP-15C9F700
b2c97074649f92197d9387d9033dda5f,Botucatu Merchant B2C970,4.7,GST-SP-065510FB
f262cbc1c910c83959f849465454ddd3,Sao Paulo Merchant F262CB,4.15,GST-SP-B5B0F804
c113b8df1fc375bc3d73d29c1b1144d1,Sao Paulo Merchant C113B8,4.33,GST-SP-D3EDD311
bd65d163ded559eb90a10cd09fec178f,Sao Paulo Merchant BD65D1,4.0,GST-SP-256211E7
720e6cf846ea7572cbb66b743fb91e6c,Mogi Das Cruzes / Sp Merchant 720E6C,5.0,GST-SP-421B3F78
8f580d36c1e9d6fbce95283403c7d447,Ribeirao Preto Merchant 8F580D,4.38,GST-SP-E69A8D21
be7a093e5b4d147b36b72bb1f9e415e5,Toledo Merchant BE7A09,5.0,GST-PR-3B279DE4
cb4a705d00e100b9732d0ca34817d441,Florianopolis Merchant CB4A70,1.0,GST-SC-4EFA9D4D
f266295f49a28eee21f413e0cbb0521d,Ponta Grossa Merchant F26629,4.5,GST-PR-7E42111D
31eec405c9bb71dec8e2629a92e764fa,Cachoeiro De Itapemirim Merchant 31EEC4,4.6,GST-ES-778A010A
6235903333ba7de1928c869e268e5964,Treze Tilias Merchant 623590,5.0,GST-SC-6CD9C32A
c360e4787614ed31ac7a2f95d3b22dc6,Lencois Paulista Merchant C360E4,2.0,GST-SP-2879204B
1e47d8b6546eb3a77b1acddcc9406242,Campinas Merchant 1E47D8,1.0,GST-SP-F448EDBB
cf1313c6e2c01c2f4b014f97db4bcd2b,Rio De Janeiro \Rio De Janeiro Merchant CF1313,5.0,GST-RJ-124522E2
14ee35374a7876217954b5fa08e50463,Sao Jose Do Rio Preto Merchant 14EE35,4.33,GST-SP-38F5EF7D
8fe8786ee000001ab51d030dfd4a7bf1,Paulo Lopes Merchant 8FE878,4.6,GST-SC-656215B5
e72b4feb7abe210c52aa667abc25a3a2,Sao Paulo Merchant E72B4F,5.0,GST-SP-EC3B2D55
373ee4a3a775a733770ca3f790b8b9ac,Rio De Janeiro Merchant 373EE4,3.93,GST-RJ-C216865C
432c37c9dfba871172ec162e20118b8c,Brasilia Merchant 432C37,4.11,GST-DF-2E37FBF1
daf565f087a52def0fd5c5825b3661bc,Brusque Merchant DAF565,3.62,GST-SC-89FB417F
ea3ebea5317b0efbc663ecc8ce5e9bc2,Florianopolis Merchant EA3EBE,4.0,GST-SC-90414584
1fe61aa5494bd3ae92a2c13e067c810f,Santa Cecilia Merchant 1FE61A,4.0,GST-SC-17200F31
e9511df20ccd82658a30c37b7fb343af,Bauru Merchant E9511D,4.32,GST-SP-F699F9A3
4c8545742faaf58fafd5fd14d25d75cf,Fernandopolis Merchant 4C8545,4.5,GST-SP-C8B27FBA
27a56ff04b34c2ba34ce6ba4d3b9d616,Campinas Merchant 27A56F,4.12,GST-SP-6B8F84F4
888faa8bfb0b159c37de6d898b961c31,Braco Do Norte Merchant 888FAA,4.21,GST-SC-DA26EC8E
0aa2205ca24f113f4658a5c536667426,Sao Paulo Merchant 0AA220,4.0,GST-SP-3107050F
432c67955c0acd1fd6b0b5d678766a71,Sao Paulo Merchant 432C67,2.33,GST-SP-6389D7AC
d8c7ba53e7e38711eaef8c2849d6d2e1,Floresta Merchant D8C7BA,4.5,GST-PR-F3BB7019
8a43128d7f9a3db592b866e6861a6cce,Sao Paulo Merchant 8A4312,2.33,GST-SP-F5A97B2A
7cb946b1ad19faebe28c3e86c2794ec3,Sete Lagoas Merchant 7CB946,5.0,GST-MG-398D9FD9
6338ea67c41078a46ad99cc009654956,Farroupilha Merchant 6338EA,4.6,GST-RS-49682505
6c12e40690c335dbc2f68a4134d30dc1,Castro Merchant 6C12E4,4.07,GST-PR-6756C018
65febd49fd28ec955651299159b1f527,Sao Paulo Merchant 65FEBD,4.31,GST-SP-4BBEF8F7
9a84ba99f5367fdbd4598363496f1ea2,Luziania Merchant 9A84BA,3.71,GST-GO-420958E7
954e95f20808d7e5d11f0de292d078e0,Joao Monlevade Merchant 954E95,4.67,GST-MG-61939DA1
fb503a924a0b9db19d83dd0ac6dbef8c,Pelotas Merchant FB503A,5.0,GST-RS-B062EB87
4ba52dfeba874da5b9ee7b17c7494f04,Mogi Das Cruzes Merchant 4BA52D,4.36,GST-SP-E2C040EC
5b581417df4480f632484ba681e53944,Florianopolis Merchant 5B5814,3.5,GST-SC-7C24D68A
d0d70d21e2234dd7cd3cf63fe414148a,Sao Bento Merchant D0D70D,4.25,GST-PB-1264FA56
c7c7b2682c648339a0e9846bb1023a39,Braganca Paulista Merchant C7C7B2,4.5,GST-SP-7475B9C6
06e5eefc71ec47ae763c5c6f8db7064f,Porto Alegre Merchant 06E5EE,3.92,GST-RS-16AE59B4
28ea411b354f14b1a494be4e79f0ce02,Sao Paulo Merchant 28EA41,4.67,GST-SP-8A0D1F42
2a6fbeaa7ab9e5d59a35841a8da71ce4,Jaragua Do Sul Merchant 2A6FBE,3.93,GST-SC-13D5053E
77fccaae319668a8ab6cd0fd16aec48c,Campos Dos Goytacazes Merchant 77FCCA,4.45,GST-RJ-647D0939
3fadb4cba4c35bce6a7eaf9872d5623a,Caxias Do Sul Merchant 3FADB4,3.33,GST-RS-BD5EC8EC
1987cd4be10fe09ee50454f9c354d1c6,Ouro Fino Merchant 1987CD,4.36,GST-MG-91C18CED
aae5e7b457a3c72ee230a47d98fceda5,Sao Jose Dos Pinhas Merchant AAE5E7,4.2,GST-PR-61DAB332
2d22fc3089eb907b29ebff50581fb472,Macae Merchant 2D22FC,3.67,GST-RJ-4BDF589B
ff1fb4c404b2efe68b03350a8dc24122,Mogi Das Cruzes Merchant FF1FB4,4.0,GST-SP-70D6374A
817f85dbb65aa3e70831d90fe75cdf89,Tiete Merchant 817F85,4.55,GST-SP-F0650E3D
2b5ed0c9139dae8883a200dfcb272ece,Sao Paulo Merchant 2B5ED0,4.25,GST-SP-9F10EEBF
86bf77bdb52e615674772d5817c6212f,Viamao Merchant 86BF77,4.75,GST-RS-EE661610
9b1585752613ec342d03bbab9997ec48,Rio De Janeiro Merchant 9B1585,3.67,GST-RJ-DF6B10A6
9b00cad94ef3078faf6fba2e792c158f,Janauba Merchant 9B00CA,5.0,GST-MG-40BCFDB4
6860153b69cc696d5dcfe1cdaaafcf62,Capivari Merchant 686015,4.1,GST-SP-E52CEC5A
903037660cf848a717166eb7a06d616e,Sao Paulo Merchant 903037,3.89,GST-SP-66E0A0AC
f08c008c8a8d31417763738a1788a2a8,Santa Terezinha De Itaipu Merchant F08C00,3.19,GST-PR-47794D4C
bf3c6d2a28b2b5501e6c15448982dcc9,Sao Paulo Merchant BF3C6D,4.6,GST-SP-8C7A0D18
e99e927c81e3f51739c94fcdfca9f10f,Uberlandia Merchant E99E92,3.64,GST-MG-31965262
49cdc90518a4f82676b38b3c1aa43ff6,Sao Paulo Merchant 49CDC9,3.8,GST-SP-7D672667
066a6914e1ebf3ea95a216c73a986b91,Foz Do Iguacu Merchant 066A69,4.09,GST-PR-6AAF730B
3cfa1358a6caa965278721344c8d76f2,Sao Bernardo Do Campo Merchant 3CFA13,4.8,GST-SP-4920F082
6d66611d7c44cc30ce351abc49a68421,Sao Paulo Merchant 6D6661,3.95,GST-SP-A35AFDE5
e48cc16ab70bfa09e1401740dce0b3d7,Aracatuba Merchant E48CC1,3.57,GST-SP-7F26DAEA
da20530872245d6cd9d2f5725613c430,Igrejinha Merchant DA2053,4.5,GST-RS-E4D2D34F
3d8fa2f5b647373c8620330c4e077a9f,Sao Paulo Merchant 3D8FA2,4.09,GST-SP-404D7F35
57d2ba47f7a3209aa347532ae75c1165,Sao Bento Do Sul Merchant 57D2BA,4.0,GST-SC-504496EA
76d5af76d0271110f9af36c92573f765,Sao Paulo Merchant 76D5AF,4.12,GST-SP-0EF5AB58
729f06993dac8e860d4f02d7088ca48a,Limeira Merchant 729F06,4.17,GST-SP-BD37FEBE
9e9b539eb2806acee3f5c28085c1db9f,Contagem Merchant 9E9B53,3.67,GST-MG-1DD90F55
fa18c782a4866d313cadab567097f8f1,Belo Horizonte Merchant FA18C7,1.0,GST-MG-BB29F8B3
b77a27b1864483e721dc831d5ba4afa0,Duque De Caxias Merchant B77A27,3.5,GST-RJ-F1AC446A
41c9d3997dd3c072c31139dc5bb5761f,Araxa Merchant 41C9D3,4.33,GST-MG-B10A6AE8
700f03c207639c22d933381ff60b35c2,Barretos Merchant 700F03,4.0,GST-SP-0823171E
762fafdaa57a532ee0119731697579dd,Itu Merchant 762FAF,5.0,GST-SP-8EB4EAFD
50770d25768b0486d89be26afca3108f,Santo Andre Merchant 50770D,4.0,GST-SP-A9F0D94B
b3b17aab11f273023a5f22ca52e1eb70,Londrina Merchant B3B17A,4.86,GST-PR-A278F449
b19f3ca2ea475913750f25a5c37c8d8f,Divinopolis Merchant B19F3C,2.79,GST-MG-A46A08EC
6179a28a13a726c29b3bf54c070dccab,Varginha Merchant 6179A2,3.0,GST-MG-E9160CD0
cc419e0650a3c5ba77189a1882b7556a,Santo Andre Merchant CC419E,4.08,GST-SP-65E1C45B
0df3984f9dfb3d49ac6366acbd3bbb85,Betim Merchant 0DF398,4.34,GST-MG-F4C6F9C9
7008613ea464bad5cb9b83456e1e6a8f,Canoinhas Merchant 700861,4.26,GST-SC-A2B44755
7f152321c60a266edc53af1925ef96c1,Criciuma Merchant 7F1523,3.8,GST-SC-6CDFEF2C
c4fb51fb1c5b7c07bc5e67be6e7e8f6e,Curitiba Merchant C4FB51,3.53,GST-PR-5F79E91B
52ac6f920b7280e4c6d30dd94de6259b,Pinhais Merchant 52AC6F,3.67,GST-PR-561A875A
7d7d2b7a51328016102d4528c411d630,Ibitinga Merchant 7D7D2B,4.14,GST-SP-EE693460
9e94fa26a70ede4d26226e918e8706a2,Sao Carlos Merchant 9E94FA,5.0,GST-SP-23C888A1
eddd1991bd6d9309995a480c39b95137,Ponta Grossa Merchant EDDD19,2.67,GST-PR-ACB833BF
994f04b3718c2bab35c2adfa8afecd2a,Jaguariuna Merchant 994F04,4.24,GST-SP-AFE5BD45
3f3486b61f45078d4f31ee5e43d8c5bb,Sao Paulo Merchant 3F3486,4.33,GST-SP-B7AB0455
5db42a6cd9bf1bf0d3aab9582767f168,Vitoria Merchant 5DB42A,5.0,GST-ES-B1683BF4
a06c8ff043abea0528ee44171e2140a2,Divinopolis Merchant A06C8F,4.75,GST-MG-659FBA6B
6b3bd31ad8fcda4b2635ec9f3ff2ecdf,Rio De Janeiro Merchant 6B3BD3,4.0,GST-RJ-6211A71F
977f9f63dd360c2a32ece2f93ad6d306,Tabatinga Merchant 977F9F,3.75,GST-SP-9F5DA05D
2c43fb513632d29b3b58df74816f1b06,Belo Horizonte Merchant 2C43FB,3.67,GST-MG-A9B370DB
910a922b426b7ff95eaee129ad6c0e1f,Sao Jose Do Rio Preto Merchant 910A92,5.0,GST-SP-DACD6F75
d9442042130b7fe579d1295f9f4a248f,Sao Paulo Merchant D94420,4.37,GST-SP-A1BF59A5
da2782c804606d2a5d8e1760dbb3e7ec,Sao Paulo Merchant DA2782,1.0,GST-SP-F2F3E036
ce248b21cb2adc36282ede306b7660e5,Jaragua Do Sul Merchant CE248B,4.2,GST-SC-0C945EB0
5b0cc932433fa5184b5b94bfe6bcc256,Ibitinga Merchant 5B0CC9,3.58,GST-SP-BA6A7E42
7ff588a03c2aeae4fbd23f9ae64b760d,Guarulhos Merchant 7FF588,4.64,GST-SP-60EAFCF5
08cdbae123ff67ca4e36d9d641ce0119,Uba Merchant 08CDBA,3.0,GST-MG-D90EE27C
77dcbb67ccb3659bd58eaf5661560a30,Lajeado Merchant 77DCBB,1.0,GST-RS-EC6A7A1B
7ad32824caee82087b3e2e5f33b1bf32,Ibitinga Merchant 7AD328,3.84,GST-SP-37EEFEAB
de722cd6dad950a92b7d4f82673f8833,Recife Merchant DE722C,4.29,GST-PE-CD4E1D0C
70849ca4f400aaabb62cb7462a6f1428,Belo Horizonte Merchant 70849C,4.42,GST-MG-208F834F
b16d3dadc47d4eb18be3d88bad0775ce,Estancia Velha Merchant B16D3D,4.3,GST-RS-764B8DFC
5c3460cd3e8a984382ae254e7dd20d9f,Sao Jose Do Rio Preto Merchant 5C3460,4.67,GST-SP-B9676224
22c32ec35d0116ef02c281798a25bf8b,Maringa Merchant 22C32E,3.75,GST-PR-1EB93B0C
8d46553a36e68f95350a200c12f8f2e2,Campinas Merchant 8D4655,3.23,GST-SP-F21940EC
45ba18c210d42734ec52c0c1c574e9ee,Sao Roque Merchant 45BA18,3.87,GST-SP-94B8A5A4
10cdd491d1dbea8fb4ead97b19c334ce,Santa Rita Do Sapucai Merchant 10CDD4,5.0,GST-MG-A105C43C
dc317f341ab0e22f39acbd9dbf9b4a1f,Cachoeirinha Merchant DC317F,4.15,GST-RS-D4B938A7
fe9d9cf8631285d5982c6e2cf27fb114,Barbacena/ Minas Gerais Merchant FE9D9C,4.0,GST-MG-76DB5563
d93844a9c55ba7ce353388bcf849ea56,Curitiba Merchant D93844,4.25,GST-PR-A1FD4899
52b53f7061969fe471d119b6195da864,Itajai Merchant 52B53F,5.0,GST-SP-8013A71E
1b8356dabde1d35e17cef975c3f82730,Sao Paulo Merchant 1B8356,4.16,GST-SP-24B78179
43402bdf22aa2310e8f99e2f94f78628,Ribeirao Pires Merchant 43402B,2.5,GST-SP-412D750B
c4b911d06343b21dd906651f8101cb49,Vera Cruz Merchant C4B911,1.0,GST-SP-5B48AE14
f44bdc12aa39f5271f0b95f66cd4c289,Braganca Paulista Merchant F44BDC,3.2,GST-SP-439832D9
9bf11dfc0bec77e5a23028043c3c5a8f,Contagem Merchant 9BF11D,1.0,GST-MG-0AE4EB5F
13f57c12a00ed4610db646b913a7f5c6,Santos Merchant 13F57C,4.86,GST-SP-04FF9732
54c04bdb5ec46762f8f08c7e8f86ed4a,Florianopolis Merchant 54C04B,4.33,GST-SC-38F6C56B
b5dd7151a92ccaaa282cbe9681a05f44,Ribeirao Preto Merchant B5DD71,5.0,GST-SP-35D97915
447d377bdb757058acb569025ee18a93,Carazinho Merchant 447D37,5.0,GST-RS-B70E37AE
52562a9f449c3dc3d53f5f5b9ed74903,Parnamirim Merchant 52562A,4.79,GST-RN-D37865D0
2a73cba571d90c694b7caca072ccf6ce,Sao Caetano Do Sul Merchant 2A73CB,5.0,GST-SP-D0ED3E86
3d2400ac620cffa23ac81bd192f7f555,Sao Bernardo Do Campo Merchant 3D2400,5.0,GST-SP-366180C0
968268a686aa05d1f529fb07dff08130,Sao Paulo Merchant 968268,3.5,GST-SP-CE2235DC
7c462184585ae80bd6e5774c62ce50f2,Campinas Merchant 7C4621,3.0,GST-SP-46FFFAD3
3ea00e1dea2b0659dbaf654735929220,Curitiba Merchant 3EA00E,4.86,GST-PR-3C8B502D
54965bbe3e4f07ae045b90b0b8541f52,Foz Do Iguacu Merchant 54965B,3.0,GST-PR-0EE544EC
4965a7002cca77301c82d3f91b82e1a9,Sorocaba Merchant 4965A7,5.0,GST-SP-279DD7D6
2d8cfba3fcd3170555941605edaa196a,Osasco Merchant 2D8CFB,5.0,GST-SP-A089B66C
6039e27294dc75811c0d8a39069f52c0,Osasco Merchant 6039E2,3.71,GST-SP-625CC416
b45d7ebfb7378630f1bcd74b6ff86ff7,Belo Horizonte Merchant B45D7E,3.8,GST-MG-0AB03BF9
e2a1ac9bf33e5549a2a4f834e70df2f8,Sao Paulo Merchant E2A1AC,4.8,GST-SP-4C16A0CA
bc07d855eac23aab5ac8a120f21d16b2,Mogi Das Cruzes Merchant BC07D8,4.17,GST-SP-0007608F
3492e68f37fd1df87f4f2f2ea247f445,Salto Merchant 3492E6,3.88,GST-SP-CB430E90
93bef6edaa84956e8e575016449b6351,Sao Paulo Merchant 93BEF6,5.0,GST-SP-14938C53
05ff92fedb5be47920fea08e501238b9,Santo Angelo Merchant 05FF92,4.2,GST-RS-43309841
68f86ba270525243e68ae74044f992b9,Rio De Janeiro Merchant 68F86B,4.36,GST-RJ-29A5D471
aeb36d67f1414f234d42a29e27cf1f17,Santo Andre Merchant AEB36D,4.5,GST-SP-2218B382
916c9de0b5ad957346eeeb12f332687e,Curitiba Merchant 916C9D,4.57,GST-PR-55142879
c68fb906c8f4b4b946d8386bfa6e5467,Jaboticabal Merchant C68FB9,4.52,GST-SP-18437A79
53d00c40e32aeb924a84ce72b1af869d,Ibitinga Merchant 53D00C,4.35,GST-SP-99484734
93dc87703c046b603023e75222018b45,Belo Horizonte Merchant 93DC87,3.97,GST-MG-ACB19967
10076e5788b8ee532724bcd460baf762,Batatais Merchant 10076E,4.57,GST-SP-EB22FC7B
804287717b9156fb7a787acd9af4fac1,Maringa Merchant 804287,5.0,GST-PR-07C607EF
4dc646b9b9e8e411ef48ba000ea3ac6f,Valinhos Merchant 4DC646,2.75,GST-SP-27A7E87C
e9c6969d40e6a3d2d0f90013165c2b98,Sao Paulo Merchant E9C696,4.4,GST-SP-FDFBADBD
bd0a1b0aadca9a83d9304f7e8ff5fbd5,Sao Paulo Merchant BD0A1B,4.5,GST-SP-FF9308C6
340636a908b13bbe0f4fb63fbe1d0c03,Sao Jose Dos Campos Merchant 340636,3.4,GST-SP-9868E95A
cf654707ed6a99f112c7ec3d6f314b8b,Sao Paulo Merchant CF6547,4.67,GST-SP-F759501E
01c97ebb5cdac52891c0ed1c37ba0012,Catanduva Merchant 01C97E,4.22,GST-SP-E13D62A9
f0b47fbbc6dee9aafe415a6e33051b3f,Maua Merchant F0B47F,4.22,GST-SP-4A51B66E
bd149ed516d4c5d418d5781f8e18919f,Guarulhos Merchant BD149E,4.88,GST-SP-63A16937
3dbbce181edfaa4a597ec858c382d2ec,Curitiba Merchant 3DBBCE,4.24,GST-PR-B7A68F78
06532f10282704ef4c69168b914b77be,Paincandu Merchant 06532F,4.25,GST-PR-2BB3B27C
1127b7f2594683f2510f1c2c834a486b,Campinas Merchant 1127B7,4.1,GST-SP-EB4ED293
cd52a8efd71af3336b14b5039b951cc1,Palhoca Merchant CD52A8,2.33,GST-SP-75A78E09
79ed755314cfe6df0daef2c6cd3022cd,Rio Claro Merchant 79ED75,4.73,GST-SP-B64BA3D4
2c9e548be18521d1c43cde1c582c6de8,Mogi Das Cruzes Merchant 2C9E54,4.11,GST-SP-3A310098
bc47d5d1490df2b36add65d733eafaba,Santo Andre Merchant BC47D5,3.25,GST-SP-A68D95F6
7caa63f175b1cecbfaadd8b5ab9998c7,Sao Paulo Merchant 7CAA63,2.0,GST-SP-170994DC
de66a66f2dd06bb9ec37aa96987466a3,Rio De Janeiro Merchant DE66A6,4.14,GST-RJ-4D979C8F
fec6275253471ace26d209bbaa64cd0f,Nova Friburgo Merchant FEC627,4.56,GST-RJ-CBE65DF2
c31eff8334d6b3047ed34bebd4d62c36,Salto Merchant C31EFF,3.85,GST-SP-260560BA
c87abc38c8ed3240861729e1aeadf221,Sao Paulo Merchant C87ABC,1.0,GST-SP-2743CBC3
07a9bc7f61396b658ddf3ac534efe44c,Sao Paulo Merchant 07A9BC,3.5,GST-SP-A901AC1D
822166ed1e47908f7cfb49946d03c726,Tres Rios Merchant 822166,4.0,GST-RJ-D1FB391A
a45314082d50d578a4721c9787ce09ab,Mirassol Merchant A45314,5.0,GST-SP-9A110D69
98e164d549402270247f3c96a1a158ef,Sao Paulo Merchant 98E164,2.5,GST-SP-5C5B80B2
59bbc819b99a733f02f0d6b49d1c253d,Campinas Merchant 59BBC8,5.0,GST-SP-267A90F2
2e3be8a987a30d7544dbbda6861cc14e,Belo Horizonte Merchant 2E3BE8,3.17,GST-MG-CBD0DAC2
b6c6854d4d92a5f6f46be8869da3fa1a,Sao Paulo Merchant B6C685,1.0,GST-SP-EA073174
f1b93673502375d491780bb49d615dbc,Sao Jose Dos Campos Merchant F1B936,3.12,GST-SP-56FE8290
bbd3acfe6de99892e73940d3fdceaf68,Santo Andre Merchant BBD3AC,3.0,GST-SP-D1B4EEBC
b3f19518fcec265b2e97af287725f981,Tanabi Merchant B3F195,4.22,GST-SP-40AD4218
b2ba3715d723d245138f291a6fe42594,Sao Paulo Merchant B2BA37,4.1,GST-SP-9E54D696
b410bdd36d5db7a65dcd42b7ead933b8,Goiania Merchant B410BD,4.66,GST-GO-80AFCA6F
31344c16881c08a8a72c6d2eb29918c1,Uba Merchant 31344C,4.35,GST-MG-50FF40D4
4e42581f08e8cfc7c090f930bac4552a,Portoferreira Merchant 4E4258,1.0,GST-SP-415FE632
9a208dee8f95cfdf00760c4d627828ec,Belford Roxo Merchant 9A208D,1.0,GST-RJ-1DC403B4
d58d521f3789def2e7a22715e0badd93,Sao Paulo Merchant D58D52,3.5,GST-SP-72C78218
0aea4c6ae1505b3228ddf3dd7822ee5b,Sorocaba Merchant 0AEA4C,3.88,GST-SP-39ED5A8E
b3809b8d4394588a47c8470ea331e135,Sao Paulo Merchant B3809B,4.0,GST-SP-3CB6B71B
fcb5ace8bcc92f75707dc0f01a27d269,Guarulhos Merchant FCB5AC,3.87,GST-SP-02EA3063
6a0cbc8af2e8abd1bdfb777943d174c6,Batatais Merchant 6A0CBC,4.06,GST-SP-F34EC345
1b0b0f4f95e962d6f32fe90c759d0479,Sao Paulo Merchant 1B0B0F,5.0,GST-SP-7969E61D
70126eecc6aa1274392a1743866e9678,Barueri Merchant 70126E,5.0,GST-SP-731DCD30
cb0b3bcf14e0a709df412a99424a59d7,Sao Paulo Merchant CB0B3B,4.5,GST-SP-375A7BF2
8931a84a914b3fe9b1ddaa4d704947ca,Sao Paulo Merchant 8931A8,4.07,GST-SP-E549ECF5
7681ef142fd2c19048da7430856b5588,Guarulhos Merchant 7681EF,4.19,GST-SP-36BD5EEF
3771c85bac139d2344864ede5d9341e3,Sorocaba Merchant 3771C8,3.85,GST-SP-1284B80E
7ddcbb64b5bc1ef36ca8c151f6ec77df,Sao Paulo Merchant 7DDCBB,3.95,GST-SP-C067C67D
02b72cdeb9cfcc429f1af6f4e3f3b737,Ibitinga Merchant 02B72C,4.75,GST-SP-4ABCABFD
3481aa57cd91f9f9d3fa1fa12d9a3bf7,Capivari Merchant 3481AA,3.88,GST-SP-71CF79D4
a218df5c097b0ca409cfaac1488cc7f6,Araraquara Merchant A218DF,2.75,GST-SP-D07AAC73
bd0389da23d89b726abf911cccc54596,Brasilia Merchant BD0389,4.17,GST-DF-18CFFD5A
af3ef48d0e13835e529c29ac573c63e5,Araraquara Merchant AF3EF4,3.76,GST-SP-004FE87F
855668e0971d4dfd7bef1b6a4133b41b,Itatiba Merchant 855668,3.78,GST-SP-5E5A7574
77e4abfd739aed9c46480f90f81c0eb4,Brasilia Merchant 77E4AB,4.78,GST-DF-F6FE31BF
bac44fa8e13424950488659b5f765c41,Sao Paulo Merchant BAC44F,5.0,GST-SP-E0165A7D
863d2ebcd347ce4922de7a0f9a5581d6,Rio De Janeiro Merchant 863D2E,3.89,GST-RJ-BAAD76C2
1c68394e931a64f90ea236c5ea590300,Sarandi Merchant 1C6839,3.92,GST-PR-263FD227
95b293867b5862941c9cd74f756a3c68,Sao Paulo Merchant 95B293,3.56,GST-SP-B235B475
e62b2d6ac10570a035a30bafcf01d263,Sao Paulo Merchant E62B2D,3.97,GST-SP-8D256949
f63d8f293af3a6454377546bd9dd19ff,Votorantim Merchant F63D8F,4.47,GST-SP-51D4D12A
7a425d299613df3e613bcf9d2eaf5c49,Rio De Janeiro Merchant 7A425D,4.11,GST-RJ-80E8DE46
6bb0724edf0b62fb91ac404873a97241,Cotia Merchant 6BB072,4.47,GST-SP-25A06625
112453736dbe3889cfb74e1aaa0ba0c1,Sao Paulo Merchant 112453,4.14,GST-SP-0E37F68B
f593898ec748b7a8cb81fc04edafd98a,Pedreira Merchant F59389,3.7,GST-SP-2B6C2F8B
96f7c797de9ca20efbe14545bed63eec,Cravinhos Merchant 96F7C7,1.0,GST-SP-1FDF192C
77530e9772f57a62c906e1c21538ab82,Curitiba Merchant 77530E,4.11,GST-PR-7A7CADEE
297d5eccd19fa9a83b2630071ff105e4,Curitiba Merchant 297D5E,5.0,GST-PR-1F294676
191d55f7edb8524d525ed01b20fe32e8,Brasilia Merchant 191D55,2.33,GST-DF-2EF3CCEB
ff69aa92bb6b1bf9b8b7a51c2ed9cf8b,Sao Paulo Merchant FF69AA,3.65,GST-SP-DC04A926
5733d806668f8712c24b9abaefbfa642,Chapeco Merchant 5733D8,5.0,GST-SP-81C0A6A4
65b081a070633e057c462abdd6fb9dd8,Morrinhos Merchant 65B081,4.32,GST-GO-4CC97ECC
edf96ef93ed595084bbcbd9224bd2894,Sao Paulo Merchant EDF96E,3.88,GST-SP-58118744
6a8b085f816a1f75f92dbac6eb545f8f,Bebedouro Merchant 6A8B08,4.11,GST-SP-5BE92588
f3295428338a40977a03f555246a70f4,Vitoria Merchant F32954,3.57,GST-ES-178911B0
75fbb52eda0cbc24f479d3b2fbfa8d3e,Goiania Merchant 75FBB5,4.36,GST-GO-8777EE7A
e5d4b2b0c3bca22085f7a19a28de0c42,Joinville Merchant E5D4B2,4.5,GST-SC-544DCAD0
6187a137b2af59dfdbad8d9f8c373c14,Osasco Merchant 6187A1,3.0,GST-SP-7F6E47E9
062ce95fa2ad4dfaedfc79260130565f,Lajeado Merchant 062CE9,4.04,GST-RS-5A518E1F
c200c73f9d7e5a08ca439d6a0803da7c,Almirante Tamandare Merchant C200C7,1.0,GST-PR-601531E2
2ee0a0689f2f6a72f35a7cb6033f6e7e,Presidente Prudente Merchant 2EE0A0,4.0,GST-SP-49CD9936
a08692680c77d30a0b4280da5df01c5a,Sao Paulo Merchant A08692,5.0,GST-SP-5B7F41EB
dd533b429f380718b70ad9922c294bae,Barretos Merchant DD533B,3.78,GST-SP-3EE6340D
582d4f8675b945722eda7c0cb61ba4c7,Bertioga Merchant 582D4F,4.15,GST-SP-2FD81BA4
74636e24f01da9268b0ed88dacd8513e,Sao Paulo Merchant 74636E,4.0,GST-SP-955A4050
09bad886111255c5b5030314fc7f1a4a,Sao Paulo Merchant 09BAD8,5.0,GST-SP-8E1D65FA
94144541854e298c2d976cb893b81343,Viamao Merchant 941445,4.21,GST-RS-D09165D7
bf84056e679dbe9c69929847a40e338f,Sao Paulo Merchant BF8405,3.75,GST-SP-25D8D226
21c62b998a043ebe31161d38f84929fc,Fortaleza Merchant 21C62B,4.5,GST-CE-63407880
02d35243ea2e497335cd0f076b45675d,Natal Merchant 02D352,2.64,GST-RN-64ECF70E
1c129092bf23f28a5930387c980c0dfc,Sao Paulo Merchant 1C1290,4.24,GST-SP-899056CA
a1040efe9ff4a6f93c28b0499eada8f5,Jundiai Merchant A1040E,5.0,GST-SP-88CDB4FF
2d9e8987a2ea5cf88dce330249043ff1,Jaci Merchant 2D9E89,4.5,GST-SP-7F605809
fdf736c18c589ed030e058312203e1b2,Pocos De Caldas Merchant FDF736,5.0,GST-MG-54A7FB27
e433f5fd4050e3352b5d83522b7fe24b,Arapongas Merchant E433F5,4.0,GST-PR-9D56596B
b01c2b7b8599b325103ebcddc67413e1,Venancio Aires Merchant B01C2B,4.75,GST-RS-129C1473
bb5d956dece964a06c12bceb66b923ae,Rio De Janeiro Merchant BB5D95,5.0,GST-RJ-8DF0A75C
3afc536624bc2e65bddfb5db33cc01f3,Belo Horizonte Merchant 3AFC53,3.5,GST-MG-1D573F5D
8090490573c6c0aa343a7231ebcb8c86,Sao Paulo - Sp Merchant 809049,4.19,GST-SP-DC2C31B3
26d6bbee02420494d471c9f6436929c0,Curitiba Merchant 26D6BB,4.67,GST-PR-8E2D0AE3
602044f2c16190c2c6e45eb35c2e21cb,Ibitinga Merchant 602044,3.14,GST-SP-D5E48184
b347677812ea483b0f528eaf8cbc09b7,Curitiba Merchant B34767,4.52,GST-PR-957E3DCB
d94ba08b99bedd6a5f6c875ecc4a6fac,Apucarana Merchant D94BA0,4.78,GST-PR-EB09107A
880ce4951cf857ab1d9e0b75c1d856f4,Belo Horizont Merchant 880CE4,5.0,GST-MG-26A44821
b499c00f28f4b7069ff6550af8c1348a,Limeira Merchant B499C0,4.12,GST-SP-564EBF35
7a2d2949aea47fab95fd98d6c9f618b1,Curitiba Merchant 7A2D29,4.27,GST-PR-F39B2F70
fad44952713764836814be105382aee5,Rio De Janeiro Merchant FAD449,4.28,GST-RJ-427AE676
f1ed6bd0a9b11b581f16c851c6a5a527,Porto Alegre Merchant F1ED6B,4.39,GST-RS-40DD8F6D
624f4ece8da4aafb77699233d480f8ef,Sao Paulo Merchant 624F4E,4.25,GST-SP-5862CD29
95e03ca3d4146e4011985981aeb959b9,Rio De Janeiro Merchant 95E03C,4.01,GST-RJ-AABBD871
1771297ac436903d1dd6b0e9279aa505,Guarulhos Merchant 177129,4.63,GST-SP-80B6B164
1d503743d2526f03f0c2c89540ee008c,Sao Paulo Merchant 1D5037,3.92,GST-SP-E37D3A09
fc5a0d7a310a7a41abf86a458585ff2b,Sao Paulo Merchant FC5A0D,2.5,GST-SP-846D0D3C
e1bed63d68ac36fe1f3061befe196af5,Mogi Guacu Merchant E1BED6,5.0,GST-SP-1AE0F028
73da1880b39c71de2b262bc7720c1494,Sao Carlos Merchant 73DA18,5.0,GST-SP-2D6D17B8
df560393f3a51e74553ab94004ba5c87,Loanda Merchant DF5603,3.68,GST-PR-C6DC6652
253f95b3a0e6983ae18aed49fbc2b845,Sao Paulo Merchant 253F95,4.4,GST-SP-D65F95C8
834f3294fba9f932f56edc879193f925,Araraquara Merchant 834F32,4.55,GST-SP-3506F80A
6c177e38df6d3f34182b1f1d427231bf,Curitiba Merchant 6C177E,4.04,GST-PR-75C9C6B8
08d0949a9a17c027262db1f3c450c26c,Cascavel Merchant 08D094,3.54,GST-PR-6794A296
11fb6f6d341adbe19e81733701704635,Sao Paulo Merchant 11FB6F,5.0,GST-SP-155E633A
04843805947f0fc584fc1969b6e50fe7,Ivoti Merchant 048438,5.0,GST-RS-877C51F4
e3b4998c7a498169dc7bce44e6bb6277,Sao Paulo Merchant E3B499,2.67,GST-SP-2C573A6C
a37c340b91cb0169e8b029db6440fba2,Sao Paulo Merchant A37C34,4.8,GST-SP-8A4D9E43
e628d4a53c109f09ca88098338b3a3f5,Belo Horizonte Merchant E628D4,1.0,GST-MG-ED078A9C
381c83fdca332ea6afd896da20bf6e4a,Curitiba Merchant 381C83,4.39,GST-PR-BF731DDC
6fd52c528dcb38be2eea044946b811f8,Sao Paulo Merchant 6FD52C,3.39,GST-SP-187420DA
189ca3538ce9f920cacf0f982cbe223b,Sao Paulo Merchant 189CA3,4.25,GST-SP-90507DFB
20cb7c2fde3e5bf10f0bbe7394e1c6a9,Andira-Pr Merchant 20CB7C,4.0,GST-PR-EE8C3215
7e79d65b5c6f1f544b7daea036acf720,Sao Caetano Do Sul Merchant 7E79D6,4.5,GST-SP-AF5FD027
fd435faa3c0422b60440ea3480d0e77c,Joao Pessoa Merchant FD435F,5.0,GST-PB-A3217B49
6bef34c5be6f2bbd70aa5165f6df94b1,Timbo Merchant 6BEF34,2.0,GST-SC-4D8E7A30
ae9690c6e8fee182c28c9ff8e11ca52c,Sao Paulo Merchant AE9690,5.0,GST-SP-3E85D65E
f7720c4fa8e3aba4546301ab80ea1f1b,Curitiba Merchant F7720C,4.2,GST-PR-D92FA382
5bba18b40e8c973b0f32e748004775b0,Itajobi Merchant 5BBA18,5.0,GST-SP-98648C50
7b7f91e98f8c6def45a1407923304402,Osasco Merchant 7B7F91,4.18,GST-SP-FC34EC03
4c2b230173bb36f9b240f2b8ac11786e,Sao Paulo Merchant 4C2B23,3.98,GST-SP-7861ACA0
a23266650e7c84bb93fbbba502137478,Porto Alegre Merchant A23266,3.82,GST-RS-6846A8D2
d2df77822373f19934e87694d8640767,Arapongas Merchant D2DF77,3.0,GST-PR-963220A1
8fbd63429be6d3e5e6d1a709b6464802,Santo Andre Merchant 8FBD63,4.83,GST-SP-40C154EA
ac6417315ae5da8f9a38ee11de6f7780,Aruja Merchant AC6417,3.75,GST-SP-E04DBAB6
81336a0f57a33776419727a300249e90,Sao Carlos Merchant 81336A,3.88,GST-SP-B2292FBD
02f623a8eb246f3c5f7c2f96462654e6,Botucatu Merchant 02F623,4.56,GST-SP-3931B18A
56db5c0782e8f7ddc9343f9576ff6d16,Palhoca Merchant 56DB5C,3.0,GST-SC-8228EC7F
29fe9f200d3fa0c668d2aa1ec7e08dfb,Balneario Camboriu Merchant 29FE9F,4.0,GST-SC-BB2635B1
271b8923c6a549e02d3c9fd1f8c0422b,Praia Grande Merchant 271B89,4.0,GST-SP-D856AEED
4e06067cc08b3f41d837768d392c3ee3,Betim Merchant 4E0606,4.13,GST-MG-7AD86DF7
ec933281fb017b5020d06df29c3f77e8,Sao Paulo Merchant EC9332,5.0,GST-SP-B5C7264B
49e7217cfe4e427191c378ec626d8737,Formiga Merchant 49E721,3.85,GST-MG-B6D746A9
34f563c82a85b99ae9e6d60db5fc2e28,Campo Bom Merchant 34F563,4.62,GST-RS-539B9645
4ddeb3e828550cddc8d45c8bc36ab2d1,Sao Paulo Merchant 4DDEB3,5.0,GST-SP-DBAC6EE0
90d4125885ab6c86e8820a722be71974,Taboao Da Serra Merchant 90D412,1.0,GST-SP-D1FD1D9E
3a734b715d333a2588a3d54a0c9b8746,Osasco Merchant 3A734B,3.94,GST-SP-89628D27
f5b84683a9bf9e1df748cf40f601b39c,Sao Paulo Merchant F5B846,5.0,GST-SP-1EE2E15E
392e0502231ae2f8b29994ef6398cd77,Cerqueira Cesar Merchant 392E05,4.16,GST-SP-808B13AB
5d0363b33554b373851fc1622e4d5f3c,Atibaia Merchant 5D0363,4.04,GST-SP-DC51EC69
6e85dc5ecd97a61094b89b046a509d8e,Marapoama Merchant 6E85DC,1.0,GST-SP-47FAFEB8
417a1e6c7321084d2a0ae0d023cfad93,Imigrante Merchant 417A1E,5.0,GST-RS-86D0F7F9
013900e863eace745d3ec7614cab5b1a,Curitiba Merchant 013900,4.7,GST-PR-3C1D799C
c157bdeedcbc9a8e3c8bf0d87ff24428,Mairinque Merchant C157BD,4.43,GST-SP-909DDDF0
fa3a0b5aabb344b9a92e3524b0202123,Sao Jose Dos Pinhais Merchant FA3A0B,4.14,GST-SP-871F50DB
88cf19ec1fc2c58f161aee259d57142c,Sao Carlos Merchant 88CF19,4.47,GST-SP-9A2573E1
c13ef0cfbe42f190780f621ce81f2234,Sao Paulo Sp Merchant C13EF0,3.0,GST-SP-AC467BB6
fc908879b9ca1bd65419e54e50432d38,Sao Paulo Merchant FC9088,5.0,GST-SP-4B6C5E4E
c679fb69a36e1d8349e8c50a217b4d58,Caxias Do Sul Merchant C679FB,3.85,GST-RS-EBD4360F
17a053fcb14bd219540cbde0df490be0,Mogi Guacu Merchant 17A053,4.23,GST-SP-1B77605B
2d34636518ba88f5349b732fcf8ba2e4,Sao Paulo Merchant 2D3463,5.0,GST-SP-525C6E17
d79e8478eed9999493990b44955fb22e,Rio De Janeiro / Rio De Janeiro Merchant D79E84,4.0,GST-RJ-7CCAC209
458d868c9642f55f18f04e951a3fdde6,Porto Alegre Merchant 458D86,5.0,GST-RS-B19222C7
41b14765bd56c8ad10971074380f9c0c,Santo Andre Merchant 41B147,4.62,GST-SP-4F73CA62
e439f7176d763f92de325271111b2fd5,Joinville Merchant E439F7,5.0,GST-SC-FACC69FD
7f2617c58d5d06806987308b45654351,Sao Paulo Merchant 7F2617,3.82,GST-SP-DA99E8C3
cac63f48c38cd7d002a7e846dcd99a23,Sumare Merchant CAC63F,4.82,GST-SP-CF67988E
04ee0ec01589969663ba5967c0e0bdc0,Lajeado Merchant 04EE0E,5.0,GST-RS-CDCA3E91
f00e21b1e91a79653163b7fd8f293ff1,Andradas Merchant F00E21,4.1,GST-SP-2EC81F7E
9140ef75cc8211c4035935e80e567204,Maringa Merchant 9140EF,5.0,GST-PR-FDAE298E
79a679c36c08d606b3fd47ead9de109b,Sao Paulo Merchant 79A679,2.0,GST-SP-5FAA282D
cc5a78bbad32776dc4e3af205218368c,Divinopolis Merchant CC5A78,4.45,GST-MG-74F5C6BD
6eeed17989b0ae47c9f11ece6f38ea90,Sao Paulo Merchant 6EEED1,3.67,GST-SP-2BB3B209
b5f0712d22a873b6797ab6cc65c3fcba,Sao Paulo Merchant B5F071,4.0,GST-SP-708A338C
3f9c56764fabca627406093dcb3ef0b4,Rio De Janeiro Merchant 3F9C56,4.71,GST-RJ-A6ACDDD6
efb628aa07c8ca93d7db0d85b91a4f5a,Nova Iguacu Merchant EFB628,4.0,GST-RJ-EC91AEF3
4e922959ae960d389249c378d1c939f5,Jacarei Merchant 4E9229,3.95,GST-SP-F7E6935E
47648caee88ccfe951fbb27fbf7b4cbe,Diadema Merchant 47648C,3.67,GST-SP-8DA3C4A2
ca4b77513ac2040591b0d8fae6958380,Sando Andre Merchant CA4B77,4.5,GST-SP-EF2E6810
7957cac1a02f45d0a4a7e45626382ec2,Curitiba Merchant 7957CA,4.0,GST-PR-C2B8C4DC
4cc4fd4fdd406a85bbdc1f824b731bd7,Toledo Merchant 4CC4FD,5.0,GST-PR-52AB265E
b8630e1121437d41cb08e3c749c2c2e2,Duque De Caxias Merchant B8630E,4.33,GST-RJ-C3F9ADA4
cfe94489ddd337d1e29e12f2a7205d10,Sao Paulo Merchant CFE944,4.3,GST-SP-F0419703
9cf787a239c1aa29dbd76f153dc13f9a,Franca Merchant 9CF787,4.75,GST-SP-DD9AD22B
2a50b7ee5aebecc6fd0ff9784a4747d6,Brasilia Merchant 2A50B7,1.0,GST-DF-7DB89FF7
d297f1055de2956aedfd3b04113dce3e,Nova Odessa Merchant D297F1,4.0,GST-SP-367A5035
2c3d56f92f360fb89d849b84e8f50eae,Barueri Merchant 2C3D56,3.12,GST-SP-D88AA9CE
3442033154be05bac582e173ef54fd12,Sao Paulo Merchant 344203,5.0,GST-SP-E650E08A
78744a20ee2f80ba64f6804c25def2b8,Recife Merchant 78744A,4.17,GST-PE-14C7093A
c990d6cf976a5718aaedc539f383ab88,Paulinia Merchant C990D6,3.3,GST-SP-9D4E6233
94e93ce877be27a515118dbfd2c2be41,Votuporanga Merchant 94E93C,3.93,GST-SP-F8955B98
b566ab0ef88016e00422755e305103c6,Extrema Merchant B566AB,3.2,GST-MG-626F54AF
d9cb0052a666de5308b32f32ad5f1b1c,Olimpia Merchant D9CB00,3.67,GST-SP-AD90C3F2
a89e143d5211473ae18db9577ee34b64,Limeira Merchant A89E14,3.0,GST-SP-954A693E
1f2eebc0e970fd3c463e4f5d9652687a,Sao Paulo Merchant 1F2EEB,5.0,GST-SP-A4619E2B
941554c5757b73ba0e50aa7732310afc,Sao Paulo Merchant 941554,4.67,GST-SP-E24178BB
8581055ce74af1daba164fdbd55a40de,Guarulhos Merchant 858105,4.26,GST-SP-1CAF6A7C
a9ae440659f48b7849df83e82734150b,Santo Andre Merchant A9AE44,5.0,GST-SP-5850286F
c963a25b8671419c6ce9eebe8fd03218,Angra Dos Reis Rj Merchant C963A2,5.0,GST-RJ-F2739F16
9485a23c0430ba1d58d359391606fce6,Santo Andre Merchant 9485A2,3.2,GST-SP-1CA83932
0951a6e282947e09cd47969f4ed0b47f,Taboao Da Serra Merchant 0951A6,4.86,GST-SP-FE73196A
52f0fe436a347ddad7ed5f9aa4e27eaa,Sao Paulo Merchant 52F0FE,3.52,GST-SP-441E7EB4
9c7fd21e0aa159b20da593371f08ff7c,Osasco Merchant 9C7FD2,3.29,GST-SP-0BF4D71B
c33847515fa6305ce6feb1e818569f13,Brusque Merchant C33847,3.85,GST-SC-C743EE07
8b8cfc8305aa441e4239358c9f6f2485,Londrina Merchant 8B8CFC,4.2,GST-PR-46BB4A6B
2c00c85d30361cd2ced2969cffbbffa3,Belo Horizonte Merchant 2C00C8,5.0,GST-MG-F5E80750
d4e4b5192cba4e0e66eb12a9d347239d,Toledo Merchant D4E4B5,4.17,GST-PR-72924869
ade45994b717ccee333492330fbf037b,Umuarama Merchant ADE459,4.5,GST-PR-44765A24
bb5bd94c8f59cc050072d2930c869cac,Sao Paulo Merchant BB5BD9,4.18,GST-SP-8552CDF8
b05b432bf68945d4d9783f9e3ca29ee8,Birigui Merchant B05B43,4.5,GST-SP-C7C5C204
2a7dc43cecabf23403078e2188437d1d,Sao Paulo Merchant 2A7DC4,4.1,GST-SP-8A33B75E
578fa3a9cb6b6dceab39231ad59cdaca,Fortaleza Merchant 578FA3,3.67,GST-CE-B25356BF
615c3462099ffa940d37b17dfda19594,Rio De Janeiro Merchant 615C34,5.0,GST-RJ-4709D301
a3f0b55de503387383c7b1de3ad7f678,Curitiba Merchant A3F0B5,4.42,GST-PR-2493CF7D
6d7f8d9d594e28796b6b3205b00f459c,Curitiba Merchant 6D7F8D,3.67,GST-PR-22AEC4D5
7b7ed56ae755e2880f2b69632e839c1e,Goiania Merchant 7B7ED5,4.2,GST-GO-1F3CE47A
4fae87d32467e18eb46e4a76a0a0b9ce,Ronda Alta Merchant 4FAE87,5.0,GST-RS-0641C259
ea566164622c6b439516ab18062c42cd,Sao  Paulo Merchant EA5661,3.78,GST-SP-3ED14CF9
821fb029fc6e495ca4f08a35d51e53a5,Sao Paulo Merchant 821FB0,3.41,GST-SP-AFE6B66F
d6ab728cf30867cf3f1a2e216ae2f9b7,Sao Paulo Merchant D6AB72,4.42,GST-SP-FDAEDE0E
1a932caad4f9d804097d7f8e615baed1,Sao Paulo Merchant 1A932C,3.9,GST-SP-8CA933FA
173d56ffbd4c56cb80fc3615487d712b,Sao Vicente Merchant 173D56,5.0,GST-SP-736C602B
2be17df1c49978426251562096c3cc09,Tubarao Merchant 2BE17D,4.19,GST-SC-29E3E802
f7c31656c19db6275a8acadca289f426,Ibitinga Merchant F7C316,3.0,GST-SP-77648CC6
6025c79c035c3d772133b8b8238463b2,Pinhais/Pr Merchant 6025C7,5.0,GST-PR-4406BB2F
c6381d2d013342748761e906d45aff76,Portao Merchant C6381D,3.87,GST-RS-BC075EE9
c500367424994318b9e779ff1ae9a330,Paulinia Merchant C50036,3.78,GST-SP-0BF025A2
19e0f40a907ec568c34bfac15de4f4a1,Americana Merchant 19E0F4,5.0,GST-SP-05520693
ecccfa2bb93b34a3bf033cc5d1dcdc69,Curitiba Merchant ECCCFA,2.57,GST-PR-2C3E8FFB
c66dccfb3f109511246da627dd5a2498,Registro Merchant C66DCC,4.49,GST-SP-0688FDDD
d921b68bf747894be13a97ae52b0f386,Formiga Merchant D921B6,4.56,GST-MG-A8646C5A
929f342384a6607afe143d789ade1316,Londrina Merchant 929F34,5.0,GST-PR-9D85F57F
e256a62e0ac58c0edfba09966142d561,Curitiba Merchant E256A6,4.42,GST-PR-BDCD7613
b5b800c4065bebf4d3442311c9857344,Sao Paulo Merchant B5B800,5.0,GST-SP-E9367F87
c8417879a15366a17c30af34c798c332,Sao Paulo Merchant C84178,4.28,GST-SP-43D509E9
8dfbc5ff27df12f6cef751d3b9554222,Curitiba Merchant 8DFBC5,4.5,GST-PR-C2C30E44
e732329483fd5f27367dd997b47f598a,Blumenau Merchant E73232,5.0,GST-SC-A73A945A
989becdce12ebc39863c2bceab6f3ca1,Curitiba Merchant 989BEC,4.56,GST-PR-251E8EAC
9f56a7a649097b166d8ed286ad86a15c,Rio De Janeiro Merchant 9F56A7,1.0,GST-RJ-16EF9A02
c4d51195486dc781531876a7d00453d8,Presidente Prudente Merchant C4D511,3.94,GST-SP-FA6E1F3B
98115075dd26cb8835946fc6086f5d30,Ao Bernardo Do Campo Merchant 981150,4.75,GST-SP-D248E56A
2305ab43e846518f58dd9d59f3f54e96,Sao Paulo Merchant 2305AB,3.67,GST-SP-D5492EEA
2528513dd95219a6013d4d05176e391a,Osasco Merchant 252851,3.95,GST-SP-5741582F
64c9a1db4e73e19aaafd3286dc448c96,Curitiba Merchant 64C9A1,5.0,GST-PR-E0CF98A3
44ed138eca6214d572ce1d813fb0049b,Canoas Merchant 44ED13,4.5,GST-RS-DC0D5737
ce4755084bc097113867e6454f8f5e52,Ribeirao Preto Merchant CE4755,5.0,GST-SP-1122002E
3e51f9cbe317bc3a88f2c76583811ee4,Sao Paulo Merchant 3E51F9,5.0,GST-SP-0229A621
204b4e07bddef3c9b317f70189135b22,Borda Da Mata Merchant 204B4E,5.0,GST-MG-9A34BDD2
921323538c9f1c4e816f2720eac02bea,Sao Paulo Merchant 921323,3.93,GST-SP-ACB86E2A
1464afc72f696af775557a821c2e253f,Nova Friburgo Merchant 1464AF,4.24,GST-RJ-E6CC2C17
77a515caa36327151d1cc6c32a9f00e1,Diadema Merchant 77A515,4.42,GST-SP-A1D812DD
32fdd5d44ecb43dfd6a24b9369eca144,Carmo Do Cajuru Merchant 32FDD5,4.38,GST-MG-25B03EB5
4b0fdb526525f9890eb145bf1534640e,Ibitinga Merchant 4B0FDB,4.06,GST-SP-F469D63D
1cd9e0cc1839d55516843def5600816d,Sao Paulo Merchant 1CD9E0,5.0,GST-SP-0DDD639D
7fc87cc3e89b3d1d5cabdca32f8485aa,Guarulhos Merchant 7FC87C,3.57,GST-SP-EC99B524
0c7f30ae9b147eca07affbef92832a6a,Ponta Grossa Merchant 0C7F30,5.0,GST-PR-C789FC11
e09887ca8c7bf8a4621ce481820414ef,Sao Paulo Merchant E09887,2.33,GST-SP-AE1649FC
318f287a62ab7ac10b703ac37435a231,Sao Paulo Merchant 318F28,3.87,GST-SP-5FF8857C
52bb00821bcdd358a5a5a27e1f6be5a1,Osasco Merchant 52BB00,4.5,GST-SP-BCF0DCCA
acb6c2ca5c82411c1fdb88d5fd5eb95e,Sao Paulo Merchant ACB6C2,3.9,GST-SP-B86AF4DA
26e2e5033827d2ba53929f43e03d8ffe,Sao Paulo Merchant 26E2E5,5.0,GST-SP-D98A5AE5
55dedd83e501d8248880557d9073cbfd,Rio De Janeiro Merchant 55DEDD,4.88,GST-RJ-50332EE0
5b179e9e8cc7ab6fd113a46ca584da81,Sao Paulo Merchant 5B179E,3.67,GST-SP-12D51942
ffdd9f82b9a447f6f8d4b91554cc7dd3,Curitiba Merchant FFDD9F,4.33,GST-PR-B96BC795
4eeb99008a0f59d2c7759c59f9a346eb,Embu Das Artes Merchant 4EEB99,4.5,GST-SP-E6E8ACC6
f3511c85f59f8dec53d140501ee8e7a8,Curitiba Merchant F3511C,5.0,GST-PR-AA43B356
60da8bfa7eebe230b7d66ac4082d79b3,Fernando Prestes Merchant 60DA8B,4.33,GST-SP-586D9510
2c538755f1ca9540af144f266e70df6c,Castro Pires Merchant 2C5387,5.0,GST-MG-8F517981
cb41bfbcbda0aea354a834ab222f9a59,Sao Paulo Merchant CB41BF,3.33,GST-SP-B95DAF2D
2379bdc3888025689a9deb7b141507d5,Mogi Mirim Merchant 2379BD,4.33,GST-SP-F6A51073
5ee7fd217d08dfe5d3e2f51f96a12c9a,Vargem Grande Do Sul Merchant 5EE7FD,3.44,GST-SP-89407DA6
a414555ce331b8c8aea4a9cb8395194d,Sao Paulo Merchant A41455,3.33,GST-SP-1EBDE7E0
92992bec39dde5766f590d3b1f46d465,Sao Paulo Merchant 92992B,1.0,GST-SP-35E0BAE0
834f8533b2ecb6598dd004ff3de7203a,Sao Paulo Merchant 834F85,3.85,GST-SP-3C128E72
b5f49fe968dff6b112861e6cd8e192ef,Curitiba Merchant B5F49F,5.0,GST-PR-D1D02066
b26741d31a563d769b4af0465ab20c56,Florianopolis Merchant B26741,4.0,GST-SC-1C87E4F1
f7315bb81aea4ddca2d39e249a801c98,Guarulhos Merchant F7315B,4.5,GST-SP-14702A59
8e2b3afb420011ef0c88c9d5f11ea526,Campinas Merchant 8E2B3A,4.27,GST-SP-9A975773
8fff28c4263ddec387f28d237fb42773,Sao Paulo Merchant 8FFF28,3.0,GST-SP-4BED14F0
0ddefe3c7a032b91f4e25b9c3a08fca1,Sao Bernardo Do Campo Merchant 0DDEFE,4.56,GST-SP-8372F4FA
730937bf88cb151eb2eb849f642fc213,Rio Claro Merchant 730937,4.41,GST-SP-D6668C92
cc3d14116804f7209f3884f6367f1152,Curitiba Merchant CC3D14,4.63,GST-PR-709455E1
5dc203c7b84a0e71e878a179de05fb9a,Pompeia Merchant 5DC203,4.0,GST-SP-C8A6DA53
440dd6ab244315c632130ecfb63827b1,Votuporanga Merchant 440DD6,3.85,GST-SP-5684A8CD
66fd84ee7528c0c0de85d0f44a73d5ab,Campina Das Missoes Merchant 66FD84,3.36,GST-RS-8CCF1F37
fec6912baad85d41729669edd6b4d3b8,Ribeirao Preto Merchant FEC691,1.0,GST-SP-28AB8AF6
666658b8da8370f30e1f89893b1de5e6,Sao Paulo Merchant 666658,5.0,GST-SP-8BD3387D
f3c38ab652836d21de61fb8314b69182,Sao Paulo Merchant F3C38A,4.27,GST-SP-2A6F0FFC
90b57083da5d803237da74daec6dcb2b,Curitiba Merchant 90B570,5.0,GST-PR-FE02F9AE
45d33f715e24d15a6ccf5c17b3a23e3c,Sorocaba Merchant 45D33F,4.02,GST-SP-79A6D0D5
1bb3812d5f0747a3ab7348f199001a10,Sao Paulo Merchant 1BB381,4.89,GST-SP-5753C6DF
c33a5c3c983090c8b78a28e65052a20d,Criciuma Merchant C33A5C,4.22,GST-SC-2E6106C8
003554e2dce176b5555353e4f3555ac8,Goiania Merchant 003554,5.0,GST-GO-7C2D534C
16090f2ca825584b5a147ab24aa30c86,Atibaia Merchant 16090F,4.06,GST-SP-C1A132FC
5659d77e8d90378e39b960ad5956f64e,Taubate Merchant 5659D7,2.5,GST-SP-5B32FACA
b561927807645834b59ef0d16ba55a24,Sao Paulo Merchant B56192,4.34,GST-SP-E2C59F5D
28d162ab86bb49d719c32f0ee6186eaa,Ribeirao Preto Merchant 28D162,4.0,GST-SP-84185F97
e06f09ec0a4aca210779cf1cfc63cf19,Sao Paulo Merchant E06F09,3.97,GST-SP-FBE23971
8c9348f33ae3dada25c99c99ade2af78,Carapicuiba Merchant 8C9348,5.0,GST-SP-6036A976
da6a60cc8cc724fe51be021ff8be779c,Sao Pedro Da Aldeia Merchant DA6A60,4.75,GST-RJ-CC372142
461ff5303b6c9c1a4a07f40c5aece516,Pinhais Merchant 461FF5,3.67,GST-PR-1217AD5D
e82de6494d91d3c4c54450f59b227a94,Ibitinga Merchant E82DE6,5.0,GST-SP-C974EB25
213b25e6f54661939f11710a6fddb871,Salto Merchant 213B25,3.79,GST-SP-EEC1DC05
78c99c6dff4eeae5be99bf635ed21e3f,Marilia Merchant 78C99C,4.42,GST-SP-FCB7EB2A
a36ac007a4d18f865c8d32c3b2402c2d,Barueri Merchant A36AC0,2.56,GST-SP-0781F9B0
a2e85714b56b1cb6bb24a9a6e6cad36f,Miguelopolis Merchant A2E857,1.0,GST-SP-1E798C63
6b333a05bf188ef3e1f1662a86bd9855,Brasilia Merchant 6B333A,4.33,GST-DF-A965A5CC
56642bcb79900e777d68e91915cb4267,Sao Paulo Merchant 56642B,4.06,GST-SP-8F121463
41b86b552e54e3a7009596125aa8b167,Sao Paulo Merchant 41B86B,4.3,GST-SP-1FD98715
1d0997ff06b524ce9289ffd75114ecd3,Recife Merchant 1D0997,3.67,GST-PE-2ADF2FB6
73b8eb4a9a729d4019b24ed1be748cbf,Campinas Merchant 73B8EB,4.38,GST-SP-71C51CD0
a69aa24cec11168e7e39a3fbc727e925,Carapicuiba Merchant A69AA2,5.0,GST-SP-418904B1
8ea394aed8138685abe1eb9f25e1021d,Sorocaba Merchant 8EA394,4.0,GST-SP-C95A08EF
8a130737016f838139d31878787a39c9,Sao Paulo Merchant 8A1307,4.45,GST-SP-AC157AE5
f682e0f848abafc6f41e0d4e868c66ef,Mairipora Merchant F682E0,3.5,GST-SP-66E98F52
11742f81550ac064cc9a40f67151d9ad,Catanduva Merchant 11742F,5.0,GST-SP-D6B08201
8a40ae794fa3f9892cee24bd5af0488b,Curitiba Merchant 8A40AE,3.17,GST-PR-AAB5F94E
0936e1837d0c79253456bbb2ffaaef10,Sao Paulo Merchant 0936E1,5.0,GST-SP-723E60F6
850f4f8af5ea87287ac68de36e29107f,Sao Paulo Merchant 850F4F,4.29,GST-SP-6E62FF74
4dc2e811a1760953cb7c6a590b498943,Itapui Merchant 4DC2E8,5.0,GST-SP-3D0E352D
343e716476e3748b069f980efbaa294e,Campinas Merchant 343E71,4.31,GST-SP-FFFD3428
e9729944ba65dc3ce425e0c5a22ae7b2,Petropolis Merchant E97299,3.75,GST-RJ-1D66668C
e0eabded302882513ced4ea3eb0c7059,Campinas Merchant E0EABD,4.62,GST-SP-784A7810
643214e62b870443ccbe55ab29a4dccf,Sao Paulo Merchant 643214,4.41,GST-SP-42635340
0aa124728afc1131dff5655f4c6f487b,Alfenas Merchant 0AA124,1.0,GST-MG-7788375E
ce27a3cc3c8cc1ea79d11e561e9bebb6,Sao Paulo Merchant CE27A3,3.91,GST-SP-E6AEA5E2
da4d149c0ddbac90557103ac0a0ec356,Sbc Merchant DA4D14,3.0,GST-SP-57874D8A
0241d4d5d36f10f80c644447315af0bd,Curitiba Merchant 0241D4,4.33,GST-PR-BB25F301
272f092de69afedd4d2969440b37f18f,Sao Paulo Merchant 272F09,3.73,GST-SP-981260C5
d1aa1ec0839dcab73a6161130eb1f94a,Curitiba Merchant D1AA1E,4.0,GST-PR-F25C617C
8e8a7ce9f2f970dc00e2acf6f6e199f6,Sao Goncalo Merchant 8E8A7C,3.98,GST-RJ-919DA1B0
d7827b2af99326a03b0ed9c7a24db0d3,Londrina Merchant D7827B,5.0,GST-SP-BEFDA88A
3935fe5fe0f82787a9dcb8deb62be09d,Sao Paulo Merchant 3935FE,4.0,GST-SP-A3CAC8AE
119d1aef1b4144adba89163f6cd9f5d4,Pedreira Merchant 119D1A,4.75,GST-SP-B01993B6
9a1aea68d3efa00862ec88c0768037d0,Catanduva Merchant 9A1AEA,4.43,GST-SP-E0BDE2E7
a9b533a26e898b12e8b8d4c07279bf4d,Rio De Janeiro Merchant A9B533,5.0,GST-RJ-A7BE7A64
5b51032eddd242adc84c38acab88f23d,Borda Da Mata Merchant 5B5103,4.0,GST-MG-10499E75
8cc6a0e5738e61a87b03c78b2ba9db4b,Andradas Merchant 8CC6A0,4.33,GST-MG-17D21CF8
c53bcd3be457a342a97e39e5a9f0be22,Neopolis Merchant C53BCD,3.2,GST-SE-2D898950
f4db9b37944bcb8873e6b456ee190bbf,Itaquaquecetuba Merchant F4DB9B,4.57,GST-SP-0A6A771C
729b2d09b2a0bdab221076327f13d050,Mineiros Do Tiete Merchant 729B2D,4.49,GST-SP-CD8EE448
18e694e0e48ed6f7aa3f24aade5fd697,Varzea Paulista Merchant 18E694,4.68,GST-SP-09099EBB
30a81d8cf85fb2ada1b1b094c9583a95,Sao Paulo Merchant 30A81D,4.82,GST-SP-73093715
6561d6bf844e464b4019442692b40e02,Franco Da Rocha Merchant 6561D6,5.0,GST-SP-0D6F7222
e64d65bc8dbec2accda90c58de5d1246,Rio Claro Merchant E64D65,3.08,GST-SP-DB7565D8
3903c788ded8dc03b5ebab37a2f3e9a1,Carapicuiba Merchant 3903C7,4.0,GST-SP-EC819D12
63191ead8d3b2f937cd1996fdcbbad20,Jundiai Merchant 63191E,5.0,GST-SP-7BD8A645
67bf6941ba2f1fa1d02c375766bc3e53,Curitiba Merchant 67BF69,4.12,GST-PR-ECE89F98
897060da8b9a21f655304d50fd935913,Ribeirao Preto Merchant 897060,3.62,GST-SP-9D59EAE0
76c47a299e4a8fe992316a85865acbe9,Ribeirao Preto Merchant 76C47A,4.67,GST-SP-AA288504
d1b9d4be4b6f9ebd85f8acd6745ba612,Nova Lima Merchant D1B9D4,4.18,GST-MG-CF114A24
3ea08c48e851106d2f584349daba335f,Barbacena Merchant 3EA08C,4.0,GST-MG-83AAB034
389e45560e33d2d0747f949dcddbc08e,Sao Jose Dos Campos Merchant 389E45,5.0,GST-SP-30383298
b81e3a6c866a764974fe849821abeebd,Maua Merchant B81E3A,4.62,GST-SP-FE4B6C23
40536e7ca18e1bce252828e5876466cc,Caieiras Merchant 40536E,1.0,GST-SP-70FA6153
b494891378bd8f4560abe576c52deacd,Sao Paulo Merchant B49489,4.65,GST-SP-8BC626C3
09f952a5f58d2285b0372551ae8f9b01,Sao Bernardo Do Campo Merchant 09F952,3.84,GST-SP-BE7A8F31
14d7985702e72162bbf13b6beb74ab2b,Santo Andre Merchant 14D798,4.32,GST-SP-45B16F61
2c4c47cb51acd5ea5db5e0ae0e26542a,Buritama Merchant 2C4C47,4.67,GST-SP-DD548DCE
b416191c9813d821a295cfabafff4161,Franca Merchant B41619,2.5,GST-SP-95CBEA05
9616352088dcf83a7c06637f4ebf1c80,Umuarama Merchant 961635,4.3,GST-PR-643DADE7
557f22c76691849db52d2abccf0015d0,Morrinhos Merchant 557F22,3.08,GST-GO-AD4350A6
968ee78631915a63fef426d6733d7422,Erechim Merchant 968EE7,3.0,GST-RS-ED208F57
533d46c1b06970e99f09523a61df4972,Itapetininga Merchant 533D46,4.5,GST-SP-2BF53A82
1dd33b8119b3cb1056ed5dc88cd0aaf4,Sao Paulo Merchant 1DD33B,3.75,GST-SP-01D86E7A
ac137bac82ffa8548e62bd9d01d2a14f,Sao Paulo Merchant AC137B,1.0,GST-SP-62A491CE
2dcf93836ae3ce0d7c93e2f10876467a,Sao Jose Dos Campos Merchant 2DCF93,4.11,GST-SP-F4907093
51702dc2a3e106c76dbff722b5bf0726,Conchal Merchant 51702D,4.31,GST-SP-71ADDF5E
97512d3fc193b2d1dfcdba0f9d1f0f8a,Sao Paulo Merchant 97512D,4.25,GST-SP-08792326
f3975e8a41157005d4bcbb358678cd9b,Pinhalzinho Merchant F3975E,5.0,GST-SC-A24B000B
76d336555bb25f3165d2f0d6da719c40,Sorocaba Merchant 76D336,2.0,GST-SP-554D6006
f08a5b9dd6767129688d001acafc21e5,Porto Alegre Merchant F08A5B,4.27,GST-RS-F219B406
ae45df84722b1d15c5f32b23a095746c,Sao Paulo Merchant AE45DF,4.78,GST-SP-73C3814B
d197aa8fbc64087f61984deef05f6227,Sao Jose Dos Campos Merchant D197AA,4.83,GST-SP-70CCAE7A
afa6714acee029b2dfdf357e5579cc03,Descalvado Merchant AFA671,4.25,GST-SP-D4239706
520b493b57809f446cb0a233bb3e25c7,Santos Merchant 520B49,4.3,GST-SP-DC577452
9b1ab052f5fca308ba743ac789ebb2e1,Pitanga Merchant 9B1AB0,4.0,GST-PR-01D404EB
bab0a8cd684e41ba6e2637dca0979d3b,Rio De Janeiro Merchant BAB0A8,5.0,GST-RJ-B79D82F4
b83cedfb587e7911540e3f576d6917ce,Sao Paulo Merchant B83CED,4.21,GST-SP-04FABB24
0ef83d7d83ed97cd2a0049ac8be5f88a,Curitiba Merchant 0EF83D,4.17,GST-PR-65764949
d13e50eaa47b4cbe9eb81465865d8cfc,Santo Andre Merchant D13E50,4.82,GST-SP-D054DABE
37303482a42fb700d8d127e70a9cd6c8,Campinas Merchant 373034,3.0,GST-SP-52A970CA
b2bdc5e7940a7d7ca8c4a37953b27a42,Vargem Grande Do Sul Merchant B2BDC5,4.5,GST-SP-C78A3381
5c6d4016c2a288f074fa0848a2b653d2,Sao Paulo Merchant 5C6D40,4.06,GST-SP-7B89C060
88cd3681e0a2ba85e190f7d817629c4c,Brusque Merchant 88CD36,4.0,GST-SC-BE575A65
da8622b14eb17ae2831f4ac5b9dab84a,Piracicaba Merchant DA8622,4.18,GST-SP-4E97E829
fe26f3ecb51a15e6d8335cd92da42562,Sao Paulo Merchant FE26F3,4.43,GST-SP-2D5A0CC6
5151aea44289d6c6b090ee31c2132508,Marilia Merchant 5151AE,1.83,GST-SP-243B34BE
9c351405b754cc5ce3e2ecf277bb034a,Sao Paulo Merchant 9C3514,1.0,GST-SP-798560CA
13511db12ac61e2f89c53b72a944a60b,Caxias Do Sul Merchant 13511D,3.5,GST-RS-73FD2B30
4b90495391ac0bd181a80a459df1e718,Bage Merchant 4B9049,4.0,GST-RS-1A8A6D07
b37c4c02bda3161a7546a4e6d222d5b2,Sao Paulo Merchant B37C4C,2.25,GST-SP-69C5669A
5f1dc28029d2c244352a68107ec2b542,Sao Paulo Merchant 5F1DC2,4.43,GST-SP-B8DE47B5
710e3548e02bc1d2831dfc4f1b5b14d4,Rolandia Merchant 710E35,3.36,GST-PR-D2BEFE3A
485452467ff670447e84a8370c3fc898,Taio Merchant 485452,4.67,GST-SC-D33E95D5
4d8809767a5bafe22909c77951fb6b41,Embu Das Artes Merchant 4D8809,5.0,GST-SP-A0D36950
3ab971ce71839580d2ae5b4e40fe8044,Sao Paulo Merchant 3AB971,3.91,GST-SP-F8F23C59
9d4db00d65d7760644ac0c14edb5fd86,Sorocaba Merchant 9D4DB0,4.52,GST-SP-C0A1943B
1dcfa3835714681d4ba4a93bc1e0fd41,Birigui Merchant 1DCFA3,4.0,GST-SP-033B7B5D
6da1992f915d77be95d7fa48b36904af,Sao Paulo Merchant 6DA199,4.0,GST-SP-069DB8BA
d4f117125b59ce73c3302f88ee40c458,Sao Paulo Merchant D4F117,4.82,GST-SP-C2EE124C
1de62b6f2fd96227629786db492433db,Sp Merchant 1DE62B,5.0,GST-SP-517C80B6
30a2f535bb48308f991d0b9ad4a8c4bb,Santa Barbara D'Oeste Merchant 30A2F5,4.29,GST-SP-418E0EAF
a36b125ac6d5fdbc7f50de85c9157bdc,Ribeirao Preto Merchant A36B12,3.96,GST-SP-B0740046
1336efc61c316ddf92c899eb817f7cae,Assis Merchant 1336EF,4.0,GST-SP-9C29B2D3
620c87c171fb2a6dd6e8bb4dec959fc6,Petropolis Merchant 620C87,4.25,GST-RJ-55BD96F9
ab91571efab27993ff2f6b36e38055c3,Sao Paulo Merchant AB9157,4.67,GST-SP-919FC88F
63a79f5a7eb5cb48a7e5787b141c7993,Patos De Minas Merchant 63A79F,4.55,GST-MG-F3DD8ACB
070d165398b553f3b4b851c216b8a358,Sao Paulo Merchant 070D16,3.32,GST-SP-A3BBB6BA
b64d51f0435e884e8de603b1655155ae,Garulhos Merchant B64D51,4.29,GST-SP-4F218EC3
9fc70243fb26800cba56e8f014797004,Belo Horizonte Merchant 9FC702,4.5,GST-MG-DC888E83
1cbcd2ee0afb3fc09963b87eb65e7e4f,Curitiba Merchant 1CBCD2,5.0,GST-PR-A1A33172
344223b2a90784f64136a8a5da012e7f,Gaspar Merchant 344223,2.0,GST-SC-976A96C5
4c8b8048e33af2bf94f2eb547746a916,Ibitinga Merchant 4C8B80,2.96,GST-SP-E37A878C
7a704e63bb29c446869efde5d57524c8,Francisco Beltrao Merchant 7A704E,5.0,GST-PR-282F8E4B
88460e8ebdecbfecb5f9601833981930,Maringa Merchant 88460E,3.43,GST-PR-7DF8FDB3
7d76b645482be4a332374e8223836592,Sao Paulo Merchant 7D76B6,3.96,GST-SP-83841C28
296729ffb9b684050dd24836dac4494a,Curitiba Merchant 296729,5.0,GST-SP-7454FDE0
5f06030071324cc52bf0304014ac7234,Marilia Merchant 5F0603,4.0,GST-SP-4A30496A
c542f5a8c64d973f30e9df8d06f70b4a,Sao Paulo Merchant C542F5,1.0,GST-SP-349D4C01
d36b07fd3c5088e477a72d1fccfe29d4,Itapetininga Merchant D36B07,5.0,GST-SP-F146CFA3
46ef1a25845fc051c2998d878354810c,Claudio Merchant 46EF1A,4.4,GST-MG-09495843
a61cc04793308395a840807104365121,Jarinu Merchant A61CC0,5.0,GST-SP-35857CB5
cac4c8e7b1ca6252d8f20b2fc1a2e4af,Indaiatuba Merchant CAC4C8,3.53,GST-SP-48A9D622
cc63f0dd2acba93ffed4fe9f8e0321fa,Sao Jose Do Rio Preto Merchant CC63F0,4.09,GST-SP-1BE1312A
b29d3380981c51df13fc6fbe87e1763d,Ribeirao Preto Merchant B29D33,3.83,GST-SP-A289D026
a53f60f05f822b5c621a50ff6a5cb362,Uberlandia Merchant A53F60,3.67,GST-MG-600665B1
dbec9a0a7efeff029d4d9dce7dc4cc95,Belo Horizonte Merchant DBEC9A,4.0,GST-MG-CE52DC8D
8de8fe3af4449ed695d2434c933ed73e,Sao Paulo Merchant 8DE8FE,5.0,GST-SP-87616CD9
aa762680c40618316a896838866140ea,Curitiba Merchant AA7626,3.33,GST-PR-3C887A1D
577719699805dd125d5b6fdde5943bba,Nova Petropolis Merchant 577719,4.38,GST-RS-ACE5669C
13dd308f81fea30cc670c656b2b46cc3,Santa Barbara D'Oeste Merchant 13DD30,5.0,GST-SP-A398DEC1
01fd077212124329bac32490e8ef80d9,Ribeirao Preto / Sao Paulo Merchant 01FD07,4.16,GST-SP-21A4A73B
7a188843479798ca813108fa7b959286,Sao Paulo Merchant 7A1888,1.0,GST-SP-1C744DB7
cb32766839f443db85c82a43c4a6c19e,Rio Claro Merchant CB3276,3.0,GST-SP-C53DB8B7
7aa538dd6e114e503a2e6154ea352253,Catanduva Merchant 7AA538,4.4,GST-SP-0046854E
e0a3c37054ade6478d923a6efc10f308,Camboriu Merchant E0A3C3,5.0,GST-SC-6E3550E0
0d4c8269e7f0401201794deef160edd6,Ribeirao Preto Merchant 0D4C82,3.67,GST-SP-54932596
3d68c634a99a1ba46dbca3967a69c623,Nova Trento Merchant 3D68C6,5.0,GST-SC-67BBBB7D
8fbe2ee446b97e128471be4ce983dc0d,Sorocaba Merchant 8FBE2E,3.0,GST-SP-1C4D4DCF
e0b162a693bc7f9eab00f783a31d60ea,Pelotas Merchant E0B162,5.0,GST-RS-D7DFE99C
1f867308a0ce13133a4e639ff4de0c02,Curitiba Merchant 1F8673,4.14,GST-PR-0A868039
06a2c3af7b3aee5d69171b0e14f0ee87,Sao Luis Merchant 06A2C3,3.99,GST-MA-B1EFC062
2e90cb1677d35cfe24eef47d441b7c87,Sao Paulo Merchant 2E90CB,4.12,GST-SP-8B6AC851
9315e491484b1b0081ca166fc164108d,Londrina Merchant 9315E4,3.0,GST-PR-89BB8CA7
adbc26658d6c7b4b6219f9d934598091,Curitiba Merchant ADBC26,4.12,GST-PR-07D220D0
0ffa40d54288e4f3499b8780dd0f144f,Presidente Prudente Merchant 0FFA40,4.48,GST-SP-28B9E7A5
d05ae8f7a5bd1d2a690a44cd079e4e27,Rio De Janeiro Merchant D05AE8,3.86,GST-RJ-FED5307B
508808d438fe2ff972ed13bb8f4a82e2,Sao Paulo Merchant 508808,4.3,GST-SP-181DF191
28fb0829fd777877cdc350d25cb5bd5b,Sao Jose Do Rio Pret Merchant 28FB08,3.75,GST-SP-1D07CA97
c794dab4928dd97beb41d05514441e86,Artur Nogueira Merchant C794DA,4.38,GST-SP-1A8561BB
1976a05ecf2996d6ffb7b5430e635fe7,Assis Merchant 1976A0,3.88,GST-SP-F542D1EF
c70a353f02429c00775a46a75fb787da,Sao Paulo Merchant C70A35,4.67,GST-SP-5BE25CA5
39d61be7a92eb77b7da367bd4845bc0e,Sao Paulo Merchant 39D61B,4.0,GST-SP-0E8983FF
c510bc1718f0f2961eaa42a23330681a,Indaiatuba Merchant C510BC,4.0,GST-SP-17A2E999
8cf21434553b02cbd37c0bbd07e041b0,Sao Jose Merchant 8CF214,2.5,GST-SC-D88AE71D
edd066cd02126d7800f9b66e980e9931,Brasilia Merchant EDD066,5.0,GST-DF-00CD163C
cf281cf8b7affbdfe751b29cc85580e1,Eusebio Merchant CF281C,1.0,GST-CE-6DEE27DB
392353362d22cc2c236e1ee81ff19890,Blumenau Merchant 392353,4.6,GST-SC-667FACBB
1f7fd2a6fcd5a6fa5d8a4dabc72aaae0,Venancio Aires Merchant 1F7FD2,5.0,GST-RS-090E720C
c878515173c84a492ebe50d6b493230b,Itaipulandia Merchant C87851,4.11,GST-PR-C94E4F54
77714512e8d4dda9c234da8e3faf16e4,Guarulhos Merchant 777145,4.25,GST-SP-D7D2D4C4
0eaa7e33d73809f1f925f7d07c506cbd,Santo Andre Merchant 0EAA7E,4.71,GST-SP-539D3A4A
bcf5566870987da7bc811fbc8c5b9fd9,Sao Paulo Merchant BCF556,1.0,GST-SP-1F088323
3d01d1c414c44b5943a09619ff3853cb,Campinas Merchant 3D01D1,3.8,GST-SP-FC381F92
2e1c9f22be269ef4643f826c9e650a52,Sao Paulo Merchant 2E1C9F,4.17,GST-SP-91F29E6F
00fc707aaaad2d31347cf883cd2dfe10,Maringa Merchant 00FC70,4.05,GST-PR-5C915DDC
52f6f9f13ba19504c02781132a049e75,Curitiba Merchant 52F6F9,2.0,GST-PR-8879575B
83c8aafbefb034674a70de0eac5b8954,Francisco Beltrao Merchant 83C8AA,5.0,GST-PR-37F6918F
58e4b302b54937e55a678c4d15111da4,Colombo Merchant 58E4B3,2.33,GST-PR-834AF194
d1c281d3ae149232351cd8c8cc885f0d,Ibitinga Merchant D1C281,3.81,GST-SP-58EF6B9D
33c51922b6e3c16b24a8f28e5833c99d,Londrina Merchant 33C519,4.24,GST-PR-1D79B93C
f80edd2c5aaa505cc4b0a3b219abf4b8,Sao Paulo Merchant F80EDD,4.08,GST-SP-3A827543
0761743cbffb25d7148189e9f1a5f03a,Ribeirao Preto Merchant 076174,4.67,GST-SP-81102F23
0b46f784306be7200ca1700aa55d819f,Belo Horizonte Merchant 0B46F7,5.0,GST-MG-79B70F67
7a9c12e235c36247c3c81f50d6ea9cea,Sao Caetano Do Sul Merchant 7A9C12,4.6,GST-SP-5F157DE8
8629c241b3622ac12cd4118afdc8d394,Ribeirao Preto Merchant 8629C2,4.08,GST-SP-C6C812AE
3ade81dab5a172b88e1871c28ae05260,Sao Jose Do Rio Preto Merchant 3ADE81,4.0,GST-SP-7189E399
562fc2f2c2863ab7e79a9e4388a58a14,Campinas Merchant 562FC2,4.22,GST-SP-AD9CC617
7dc8c42cc750eeafea6c85712ffee9bf,Sao Paulo Merchant 7DC8C4,4.2,GST-SP-286D7A82
247587846358bb1d2e4c6522020b36fe,Sao Jose Do Rio Preto Merchant 247587,5.0,GST-SP-CBD44FEA
a35ef466c6fd6d052f5d241240d3c5e2,Novo Hamburgo Merchant A35EF4,4.67,GST-RS-8435972C
651530bf5c607240ccdd89a30c9c9712,Ipira Merchant 651530,4.0,GST-BA-F0C94D84
f1c1ac3f3efc07e659c035008e615e66,Sao Paulo Merchant F1C1AC,3.75,GST-SP-DBA17817
df0f42bc4c2142eacf0eaf2cffd0cfbb,Itajai Merchant DF0F42,4.14,GST-SC-8BD530C5
40db9e9aa57f7bb151bcda6b0f9bdbb7,Recife Merchant 40DB9E,2.36,GST-PE-C8798BDC
68ca56ce86830f3d31b1b7ec6a54da3e,Guaratuba Merchant 68CA56,3.83,GST-PR-F378B6B9
960945e1a9535cbc0cd6ddd35fbe7ae8,Sao Paulo Merchant 960945,4.64,GST-SP-3F8746E1
c00396cbdd2e088fe4281baa5920aef1,Campo Magro Merchant C00396,5.0,GST-PR-4E668A04
8d92f3ea807b89465643c219455e7369,Sao Paulo Merchant 8D92F3,1.0,GST-SP-A7ED173F
c52c644cc0dc85121207a27013efc6af,Tiradentes Merchant C52C64,5.0,GST-MG-3F05F122
7e26c750b4cb9f6766f58265ff9ebe95,Belo Horizonte Merchant 7E26C7,4.43,GST-MG-B640C544
5a8e7d5003a1f221f9e1d6e411de7c23,Campinas Merchant 5A8E7D,4.14,GST-SP-2F51FECD
6d1b9c9579132c87d2703ec38c30f2c5,Curitiba Merchant 6D1B9C,4.5,GST-PR-98A26814
20f0aeea30bc3b8c4420be8ced4226c0,Santa Barbara D'Oeste Merchant 20F0AE,5.0,GST-SP-815AA1EF
575df70bde3f9f2b30bf8d2e9910d725,Sao Jose Do Rio Preto Merchant 575DF7,4.07,GST-SP-0B1E6FE6
5d3bb11474a06bdc23fb9e89f1164ee0,Assis Merchant 5D3BB1,3.9,GST-SP-6B74DA70
c35affa65afd250151285c5917fc1c8a,Sao Paluo Merchant C35AFF,4.0,GST-SP-864F087B
e59e489e2ea74bd409b798b5daf49de3,Maringa Merchant E59E48,1.67,GST-PR-0EDEBD13
7d948535954aaf8c5d39db007f74372e,Guaruja Merchant 7D9485,3.75,GST-SP-56E3A25C
c7b7db6c8f3c64a7cc1afa634db21d50,Sao Paulo Merchant C7B7DB,1.0,GST-SP-8667A96B
1352e06ae67b410cdae0b2a22361167b,Rio De Janeiro Merchant 1352E0,2.33,GST-RJ-6443C0EB
3bb548e3cb7f70f28e3f11ee9dce0e59,Maringa Merchant 3BB548,4.2,GST-PR-56DC55CA
ee2fbacc2fc3794e656cc4d933d59ce7,Sao Paulo Merchant EE2FBA,4.0,GST-SP-2E1BAF06
522620dcb18a6b31cd7bdf73665113a9,Cascavel Merchant 522620,3.89,GST-PR-B2F16D1A
d32e3909cfb714fb2a6cb092c85b9c5f,Jundiai Merchant D32E39,3.5,GST-SP-28A3E61D
e5c84227854980f1db19a58958c551d9,Fazenda Rio Grande Merchant E5C842,4.75,GST-PR-7E8A12F1
ce7d1888639e6fb06b2749cbfdac1ff7,Baependi Merchant CE7D18,4.17,GST-MG-0EFCE3E0
693660429f9dc4ff704eb3d88dad54d7,Santo Andre Merchant 693660,4.0,GST-SP-50885C0E
2cb4700db635baa1c0d4f90ed27b6669,Curitiba Merchant 2CB470,2.0,GST-PR-DD5465BE
a4b6b9b992b46e9ef863637af96e04bc,Florianopolis Merchant A4B6B9,3.29,GST-SC-27DA7FD7
ff1e15b778c700abdd4d239b81ac466d,Curitiba Merchant FF1E15,4.57,GST-PR-16DB9FBE
820c7c9eaf76d2b226b6c242bcf3f34d,Sao Paulo Merchant 820C7C,4.0,GST-SP-D326FF15
85d9eb9ddc5d00ca9336a2219c97bb13,Belo Horizonte Merchant 85D9EB,4.18,GST-MG-49D8879B
a673821011d0cec28146ea42f5ab767f,Sao Paulo Merchant A67382,3.99,GST-SP-7321D45E
ebe3dabc4955c9b0d695e7bda38bf5c3,Ribeirao Preto Merchant EBE3DA,3.0,GST-SP-BD1FF0A4
ca7c6bd577e559472af1c699de9e764e,Sao Bernardo Do Campo Merchant CA7C6B,4.33,GST-SP-DF6B3B42
c8b3445d737de6befde0c88ede534a5e,Sao Paulo Merchant C8B344,4.43,GST-SP-A5D82B39
eb5b6204dde3a6e03b5f1bb8479f055b,Embu Guacu Merchant EB5B62,3.95,GST-SP-AB831C12
4a5b36211b1f51bf7eaa5c10a57fa483,Sao Goncalo Merchant 4A5B36,5.0,GST-RJ-E13F005C
2e1a7d075abe038c1b2743005fe42ff1,Sao Paulo Merchant 2E1A7D,4.05,GST-SP-1C801657
973f21788dfab357250f69a8dcb7ddee,Claudio Merchant 973F21,2.0,GST-MG-AA9ACF3B
ba89796db68db180bd389de96b2ff3b6,Sao Paulo Merchant BA8979,5.0,GST-SP-894929D4
b9ec22de23f18567de0e09d776ca0309,Brasilia Merchant B9EC22,5.0,GST-DF-45B39C8B
79ee721b6f766066a80264402548d359,Bauru Merchant 79EE72,1.0,GST-SP-B482890D
11bfa66332777660bd0640ee84d47006,Ribeirao Preto Merchant 11BFA6,3.88,GST-SP-07CD86D2
7d484ca289afaac6bf5fc6a1e96d2226,Campo Grande Merchant 7D484C,4.0,GST-MS-381F1249
5160d23075764e18e07c1f4a87fad743,Sao Bernardo Do Campo Merchant 5160D2,4.38,GST-SP-EBFB8A49
3a1a1fec38dd360f15fc912e821e169d,Sao Paulo Merchant 3A1A1F,3.87,GST-SP-21CC0CA3
141440cad9341e553f8401c574a2aa38,Pitanga Merchant 141440,4.45,GST-PR-BFE4D1A0
05aebce0b5c8f0d41b29b686f2d05fd3,Sao Paulo Merchant 05AEBC,5.0,GST-SP-8646E9EE
dd39ad39b5d3df33037e141c72497ba6,Sao Paulo Merchant DD39AD,5.0,GST-SP-60D2E8F4
695051e2981c8b19e77cafe450d5bdf3,Osasco Merchant 695051,5.0,GST-SP-AFC1BF14
dd55f1bb788714a40e7954c3be6df745,Sao Paulo Merchant DD55F1,3.74,GST-SP-231C2561
ae7ab174effdead6c241e547e4ca13f0,Arapongas Merchant AE7AB1,4.33,GST-PR-3327471D
9d7a1d34a5052409006425275ba1c2b4,Franca Merchant 9D7A1D,4.38,GST-SP-131B7BFB
8c351ed7c326c62123318f4f3246e906,Praia Grande Merchant 8C351E,5.0,GST-SP-D794F1EE
dc4a0fc896dc34b0d5bfec8438291c80,Ibitinga Merchant DC4A0F,3.75,GST-SP-836AA580
3a4127e1ba7208ea37044c5092aae170,Sao Paulo Merchant 3A4127,3.5,GST-SP-05E6A1F8
7c4402417d51474d4d0cda9557340e40,Sao Caetano Do Sul Merchant 7C4402,5.0,GST-SP-8CE6B16F
b9ca8e8baa5d4aa038394a700f63e69f,Sao Paulo Merchant B9CA8E,4.21,GST-SP-EA214AAE
3968920b9aa752ab98f7d5888c9252f2,Bauru Merchant 396892,3.88,GST-SP-464D2B2B
9b522ba7eae9e1d04082f267144583cc,Sao Paulo Merchant 9B522B,4.25,GST-SP-A7379847
539ed9e19811677513447759be5eccfc,Belo Horizonte Merchant 539ED9,3.0,GST-MG-71F793B3
e26901d5ab434ce92fd9b5c256820a4e,Maua Merchant E26901,4.12,GST-SP-3A5980E6
9d5604a1f112324ad6b2aa552122e0fb,Florianopolis Merchant 9D5604,3.54,GST-SP-0734A0A6
a6fe7de3d16f6149ffe280349a8535a0,Franca Merchant A6FE7D,3.98,GST-SP-7328C287
aac29b1b99776be73c3049939652091d,Uberlandia Merchant AAC29B,4.1,GST-MG-115EA65B
54a1852d1b8f10312c55e906355666ee,Santa Barbara D'Oeste Merchant 54A185,4.33,GST-SP-127FCF08
88ae906ea2acf6971f26c3e8b7cb4357,Sao Paulo Merchant 88AE90,3.33,GST-SP-3D4198B7
bba8d0c234a52b87b3957037a215d1a4,Goiania Merchant BBA8D0,5.0,GST-GO-5AD8DE63
c826c40d7b19f62a09e2d7c5e7295ee2,Guarulhos Merchant C826C4,4.08,GST-SP-3B24A0B9
a425f92c199eb576938df686728acd20,Curitiba Merchant A425F9,4.29,GST-PR-1D84EEF7
3c3017960b2dbd72711a61f0400aab8f,Jaragua Do Sul Merchant 3C3017,4.0,GST-SC-EBD68D73
ab9db4cf53b08b828b64dccaafc2d9f0,Paraiso Do Sul Merchant AB9DB4,4.2,GST-RS-67E9ECC2
113e3a788b935f48aad63e1c41dac1bd,Aparecida Merchant 113E3A,4.32,GST-SP-AED38F0A
94c49f20a123aeb9360dbf80ff912bf6,Sorocaba Merchant 94C49F,3.67,GST-SP-684455EC
1ca4bdb0cd7fc48e949bac066188ed26,Cataguases Merchant 1CA4BD,4.5,GST-MG-F9E5EF4A
d12c926d74ceff0a90a21184466ce161,Sao Paulo Merchant D12C92,4.31,GST-SP-8154CCF3
71dc18fd8cbf5fd77f45dd8b427abb34,Curitiba Merchant 71DC18,5.0,GST-PR-94A554F0
b43d8b707f887a30f4675391098354a0,Ipira Merchant B43D8B,3.0,GST-SP-C02799FA
f235413f677777a0738ff215d0184901,Bariri Merchant F23541,3.67,GST-SP-2C453F8A
985c92cc412091f8529c12d7f23d3fef,Sao Joao Del Rei Merchant 985C92,4.75,GST-MG-E6CB5052
038b75b729c8a9a04b0d07cba7eabe86,Sao Jose Dos Campos Merchant 038B75,3.5,GST-SP-22062E99
a4b8d97cd5d3674eeff96abc99d8ed67,Sumare Merchant A4B8D9,1.0,GST-SP-D7B90DD8
ffad1e7127fb622cb64a900751590acd,Americana Merchant FFAD1E,4.8,GST-SP-D35D8704
594f9aaa48e5bf431f011ddc5669b0d5,Contagem Merchant 594F9A,4.59,GST-MG-FEB1D396
eba88037e1dca898cd02881f67ced679,Sao Paulo Merchant EBA880,4.33,GST-SP-2CD14B97
01ed254b9ff8407dfb9d99ba1e17d923,Mogi Das Cruzes Merchant 01ED25,5.0,GST-SP-36825CE7
f7ccf836d21b2fb1de37564105216cc1,Ibitinga Merchant F7CCF8,3.81,GST-SP-AB6B5CF1
7e3f87d16fb353f408d467e74fbd8014,Sao Paulo Merchant 7E3F87,4.13,GST-SP-749E354B
9140bd1d9de28b197dce077bdd687438,Amparo Merchant 9140BD,4.17,GST-SP-26AE00BC
a2b911e9ad40dc7d61c142a4683e2d85,Barra Mansa Merchant A2B911,5.0,GST-RJ-772F744A
a56e351445e5863fc8960640ba9190c7,Itajai Merchant A56E35,4.33,GST-SC-92FAFCDB
bb135baca94c82fcb731335ad5b04a03,Sao Paulo Merchant BB135B,3.06,GST-SP-DD87B5C0
a353b1083c9863d756d9404695016d64,Cariacica Merchant A353B1,5.0,GST-ES-9C64E0D2
b56828a9f9027f3c918c04ca720d9e3c,Praia Grande Merchant B56828,2.67,GST-SP-35B27054
6e0908ef4d4efadbc3cc2b74ea477cb0,Rio De Janeiro Merchant 6E0908,3.75,GST-RJ-79EBCEFC
5d9f3746e112e696f98ea22c56b3e912,Sao Paulo Merchant 5D9F37,5.0,GST-SP-023127D7
c8143b3069f6746a77421b5ce30a450c,Abadia De Goias Merchant C8143B,5.0,GST-GO-7C380188
f5f46307a4d15880ca14fab4ad9dfc9b,Rio Do Sul Merchant F5F463,4.11,GST-SC-561535A2
58c851d1a3c7cd3da329eb59453fed44,Rio Claro Merchant 58C851,5.0,GST-SP-7D78AF5D
4830e40640734fc1c52cd21127c341d4,Sao Paulo Merchant 4830E4,4.16,GST-SP-A44EF518
dbb9b48c841a0e39e21f98e1a6b2ec3e,Sao Paulo Merchant DBB9B4,4.27,GST-SP-5529D734
8fb67a334bacec338885b4e9e1708073,Toledo Merchant 8FB67A,5.0,GST-PR-4D1AC355
c6a7539d424a8402232c2228d7a03c5e,Sao Paulo Merchant C6A753,3.1,GST-SP-751D4AFF
72c5da29406b4234927b81855e7b64f6,Guarulhos Merchant 72C5DA,4.13,GST-SP-BB3038E5
e83c76265fc54bf41eac728805e4da77,Aracatuba Merchant E83C76,3.62,GST-SP-49C02FE0
a72f15980dc3e9bfd1a49ac9b2f3af65,Marilia Merchant A72F15,4.0,GST-SP-D311B44E
ad738d3fcf42655ed15c4960b7b6c601,Novo Hamburgo Merchant AD738D,1.0,GST-RS-5351A022
0ed6ce5d87fd9c69eaacaeb778d67235,Americana Merchant 0ED6CE,4.4,GST-SP-A515C433
00d8b143d12632bad99c0ad66ad52825,Belo Horizonte Merchant 00D8B1,5.0,GST-MG-8A7C3ED7
fedf2c1386e137f296b3bbf3b635e69d,Sao Paulo Merchant FEDF2C,3.5,GST-SP-48A00B84
8bdd8e3fd58bafa48af76b2c5fd71974,Sao Paulo Merchant 8BDD8E,4.55,GST-SP-991D5088
4391ea5c5990502176a1dcda44a2373d,Porto Alegre Merchant 4391EA,4.67,GST-RS-32AF7E61
38e6dada03429a47197d5d584d793b41,Sao Paulo Merchant 38E6DA,4.43,GST-SP-706183F6
6973a06f484aacf400ece213dbf3d946,Sao Jose Dos Campos Merchant 6973A0,3.59,GST-SP-67DC81E7
e83e93b71371817b11d78a63ff156aee,Barueri Merchant E83E93,4.5,GST-SP-15EEC013
9bade61a92bed55a25d2b67b9f4ed739,Sao Jose Dos Pinhais Merchant 9BADE6,3.0,GST-PR-1A6C8EAF
6c6cc59a5c00cacc5054ca06d65cc282,Santa Maria Merchant 6C6CC5,5.0,GST-RS-DAC13158
c6381b1321d7d97717a5bb4ed5b77882,Sao Paulo Merchant C6381B,3.0,GST-SP-CE66F160
d29ba1220fb8634fa3a107e54497b8a4,Sao Carlos Merchant D29BA1,3.22,GST-SP-C000009F
226b05fe067266c59c15dae208213d06,Curitiba Merchant 226B05,4.5,GST-PR-BA5075BD
578460d8319c51dab351cd9db95eadfe,Goiania Merchant 578460,3.0,GST-GO-1F900498
328acb143b4a73aad6bee8e734f5d20d,Foz Do Iguacu Merchant 328ACB,4.0,GST-PR-CE150645
788f22bafdd7ab0e1e79f19db72f16a4,Sao Paulo Merchant 788F22,4.5,GST-SP-EBD44A2D
86ff3eaef0267069cc891a2ed9d10a17,Palhoca Merchant 86FF3E,4.71,GST-SC-D7341FB1
5f7300535881cef3b625fd683cf7d145,Canoas Merchant 5F7300,4.4,GST-RS-60B408E2
0cbcee27c791afa0cdcb08587a2013a8,Tres Coracoes Merchant 0CBCEE,3.85,GST-MG-3D7B60A6
20611af7866c6068fd5ae1f9dbe15c92,Porto Ferreira Merchant 20611A,4.5,GST-SP-03BDCD79
1fa2d3def6adfa70e58c276bb64fe5bb,Sao Paulo Merchant 1FA2D3,1.0,GST-SP-841214C7
3d2531eccfbde1d7c8db7a3a12fb267a,Contagem Merchant 3D2531,4.22,GST-MG-3CEA9B78
fcdd820084f17e9982427971e4e9d47f,Ribeirao Preto Merchant FCDD82,3.94,GST-SP-72BF3103
d8dd176509baa37f359644d082bf7f7b,Sao Caetano Do Sul Merchant D8DD17,1.5,GST-SP-E3E6577A
cb5ff1b9715e99589f3e0c7a6afab9e3,Maringa Merchant CB5FF1,4.0,GST-PR-A0257868
9b1f656ca3060f8af17a50d8a024b533,Santos Merchant 9B1F65,5.0,GST-SP-8038CEC9
43a5d4a57af536fddc96d08be3afdfcb,Varginha Merchant 43A5D4,1.0,GST-MG-3D69BF28
b1a81260566c1bac3114a6d124413f27,Carazinho Merchant B1A812,4.27,GST-RS-9B096DB4
080199a181c46c657dc5aa235411be3b,Osasco Merchant 080199,4.62,GST-SP-1D23B481
cca3071e3e9bb7d12640c9fbe2301306,Ibitinga Merchant CCA307,3.85,GST-SP-C0F41500
788e857f317e53de488d393e65a80f45,Sao Paulo Merchant 788E85,4.91,GST-SP-30DCCA23
d51e0a403fe2e689ece6c73359d96e12,Pompeia Merchant D51E0A,4.11,GST-SP-CA6C2BAC
b080809eaacb49e5ca07290981472431,Belo Horizonte Merchant B08080,4.82,GST-MG-558463E2
7f7b8245c336066a1f9933c359f11d77,Mogi Mirim Merchant 7F7B82,4.55,GST-SP-E27249A0
8648b1e89e9b349e32d3741b30ec737e,Jacarei Merchant 8648B1,4.1,GST-SP-50287C0F
d50d79cb34e38265a8649c383dcffd48,Sao Paulo Merchant D50D79,4.25,GST-SP-4974DA2F
f214d28e8d8e3ef068748498ccc2f813,Sao Paulo Merchant F214D2,4.15,GST-SP-736C9375
717b78b0950b51ed00b1471d858b0edc,Alambari Merchant 717B78,4.0,GST-SP-BCB405F5
aa2640d851ec322526f1295bbeb20092,Sao Paulo Merchant AA2640,3.0,GST-SP-F018289D
ebd2d60905fb58271facef5596b620d3,Lencois Paulista Merchant EBD2D6,4.15,GST-SP-1D5C8CA9
efcd8d2104f1a05d028af7bad20d974b,Aracatuba Merchant EFCD8D,4.18,GST-SP-AAAD012E
6562efe88ce0826a4ca4f189f03b4b84,Maringa Merchant 6562EF,3.9,GST-PR-F928A9C4
400f221ab83037c0ea78f1267da9624d,Osvaldo Cruz Merchant 400F22,5.0,GST-SP-E7EC9F26
530ec6109d11eaaf87999465c6afee01,Cascavel Merchant 530EC6,4.24,GST-PR-B905D573
a5259c149128e82c9d6d46e0c1c812bb,Ji Parana Merchant A5259C,3.88,GST-RO-45E4E5DC
f543ba3c973276f519d89d59bd46cead,Sao Jose Do Rio Preto Merchant F543BA,2.33,GST-SP-98BEEFF7
89f69225956f951295ca4c7fb1266553,Vassouras Merchant 89F692,4.27,GST-RJ-CAC80294
8b11118053756a9a2932f447e11fc1b5,Igaracu Do Tiete Merchant 8B1111,3.0,GST-SP-0598744E
6bb62a4912377c7bfe7cb17b406bc7e6,Jundiai Merchant 6BB62A,4.25,GST-SP-064E121A
f9d010e39375d9c91dce3f40b73a2f84,Lorena Merchant F9D010,3.5,GST-SP-1CCF5F2F
052577151711aec5c744fe12e66db3e1,Rodeio Merchant 052577,2.25,GST-SC-9D1737C0
0adac9fbd9a2b63cccaac4f8756c1ca8,Louveira Merchant 0ADAC9,4.05,GST-SP-8E22798E
269cff2d3c8d205c11f37a52402ea93b,Catanduva Merchant 269CFF,4.5,GST-SP-215EC3F3
402916f742e5c740cc751493d9cf5053,Guanhaes Merchant 402916,4.67,GST-MG-066319CC
443d880f15cbd3572885e1d44bf2c478,Marilia Merchant 443D88,2.0,GST-SP-4B37BA9E
6d22a1fcebb6dd08c9cd90b92a93e8d0,Joinville Merchant 6D22A1,4.25,GST-SC-2A112A0A
04aba03279157f6d4e0fe8ccaf21963c,Santo Antonio De Padua Merchant 04ABA0,4.31,GST-RJ-A2E0241F
b39d7fe263ef469605dbb32608aee0af,Ibitinga Merchant B39D7F,3.88,GST-SP-9F15A5A3
ca77545ca4d2dfd1431bf61334e2fa3c,Maringa Merchant CA7754,4.67,GST-PR-120AF1C1
36890be00bbfc1cdb9a4a38a6af05a69,Osasco Merchant 36890B,4.23,GST-SP-92E1547A
7b0df942f46435babab05d49b744b2c4,Braganca Paulista Merchant 7B0DF9,4.39,GST-SP-C1166EC5
f26d70155c2b6326fcfa1780c8c684e4,Presidente Getulio Merchant F26D70,5.0,GST-SC-0C857781
42fb44130ac3134cde8e35cf8ec7df25,Pinhalzinho Merchant 42FB44,3.67,GST-SP-3EEB38DC
dd9661d3cda1e6feb237f0c4d8b26f2e,Campos Novos Merchant DD9661,5.0,GST-SC-D2357354
f27e33c6d29b5138fa9967bcd445b6d5,Sao Paulo Merchant F27E33,4.1,GST-SP-D8B5276D
55d3daac7c404d59e51c2aa2f4dc5a23,Sao Paulo Merchant 55D3DA,4.1,GST-SP-D47A299F
659e8466eb3ff1b0e8740d74fb7bbedd,Eunapolis Merchant 659E84,4.36,GST-BA-22283220
1c40343cc5d18c2d8248ac2f3366de34,Limeira Merchant 1C4034,4.62,GST-SP-122C497C
e3a386fc36e22064434e1fa256f6a9fa,Engenheiro Coelho Merchant E3A386,4.19,GST-SP-C09FC879
c9aafcd0621b2207c10e32c649cada4d,Sao Paulo Merchant C9AAFC,4.02,GST-SP-B9FAEA18
72431a818f97fe6ab9c81eee3e297e54,Rio Das Pedras Merchant 72431A,5.0,GST-SP-9CA0E83A
184a67a8f9f63234d3a92340bbdb727f,Joinville Merchant 184A67,3.78,GST-SC-D22AAB32
9fe7c6641c79970ab48185498f547c09,Sao Paulo Merchant 9FE7C6,5.0,GST-SP-2D0BC995
08ad4ac1388e4420ca531c3edfc46198,Itapevi Merchant 08AD4A,2.83,GST-SP-F9842F82
6fc26fe110feebd80a433e1f012a84f9,Fernandopolis Merchant 6FC26F,3.91,GST-SP-FC8B7F9B
2f4b9d112bfa44a214bc6cef085d17c8,Afonso Claudio Merchant 2F4B9D,4.4,GST-ES-0DD167E9
ab27bbbad5239bc31a34709275a70db4,Tatui Merchant AB27BB,5.0,GST-SP-0917FBF3
c37b2059d4f90d4feead554e5246565e,Sao Paulo Merchant C37B20,3.33,GST-SP-6770C384
f43827dd686be3a4a80e00aa299990fb,Sao Jose Do Rio Preto Merchant F43827,2.0,GST-SP-D11273C3
e601b04acf48b4576e73ddca9481f0dc,Sao Paulo Merchant E601B0,4.07,GST-SP-0E6FB7A2
98dac6635aee4995d501a3972e047414,Sao Paulo Merchant 98DAC6,4.14,GST-SP-50ED6E55
3d39fbf22a665714baf62fae36029e23,Campinas Merchant 3D39FB,4.75,GST-SP-C5438B8A
a49928bcdf77c55c6d6e05e09a9b4ca5,Sao Paulo Merchant A49928,3.01,GST-SP-1AA734CA
b12cfd255810394b60caef18ae163547,Cascavel Merchant B12CFD,4.5,GST-PR-17D8E684
a1bea7061f61f6fdd9a85a6325ba1033,Carapicuiba / Sao Paulo Merchant A1BEA7,4.44,GST-SP-73DEE8F2
3c88ed2e76a2247933a15daa7161eb1c,Cosmopolis Merchant 3C88ED,5.0,GST-SP-45D234FE
51ed72984a04e5dd35c2b27e77179038,Sao Jose Do Rio Preto Merchant 51ED72,3.57,GST-SP-4AFC41EA
3ac588cd562971392504a9e17130c40b,Limeira Merchant 3AC588,5.0,GST-SP-A36CC0E6
606ce7768feac12c5e8bd58db8b08f0f,Campinas Merchant 606CE7,4.8,GST-SP-7026A61E
6879c4d287a8dd06b11f54ea8f78e4da,Osasco Merchant 6879C4,4.33,GST-SP-6B4E4FB8
ccbd753e6863fe7314dc6c0ca5a074e7,Blumenau Merchant CCBD75,4.0,GST-SC-0BEAB8FA
0d85bbda9889ce1f7e63778d24f346eb,Uberlandia Merchant 0D85BB,4.2,GST-MG-8D95A8A1
4c61e37f664c3c88aff092aa5ac779d7,Niteroi Merchant 4C61E3,4.0,GST-RJ-DCDF29BF
b44dbfbf62e52125f3c15d230569ea91,Sao Paulo Merchant B44DBF,4.75,GST-SP-8D9B0D5B
d624126b9206f595fb3fbb6ba03b28a8,Curitiba Merchant D62412,4.32,GST-PR-EDF70DDA
26d8a1c7c75d513045798992ead43aa2,Apucarana Merchant 26D8A1,4.31,GST-PR-068FF076
e6a69c4a27dfdd98ffe5aa757ad744bc,Sao Paulo Merchant E6A69C,3.88,GST-SP-B93DF6A7
6bd69102ab48df500790a8cecfc285c2,Sao Paulo Merchant 6BD691,3.0,GST-SP-214F72A6
f181738b150df1f37cb0bd72e705b193,Carapicuiba Merchant F18173,4.47,GST-SP-20B4E512
4305fe92735c8a43d154ff6dd2b8d927,Coronel Fabriciano Merchant 4305FE,3.95,GST-MG-07AB50EC
4f1f1c8666cdb6442f775c4e8caed465,Belo Horizonte Merchant 4F1F1C,5.0,GST-MG-C63006F9
7dea6f73af847b42cc3985bd620f994d,Cascavel Merchant 7DEA6F,4.0,GST-PR-6031542D
a0a14e50070f3225b3eabba5b85da517,Curitiba Merchant A0A14E,4.5,GST-PR-0E6300A8
bd4889b5e9133b35b66e42a8665cea5c,Sao Paulo Merchant BD4889,4.4,GST-SP-E7AFBB47
0b3f27369a4d8df98f7eb91077e438ac,Aruja Merchant 0B3F27,3.67,GST-SP-3F8E51EE
d5c530f4884a75ae0dba9c148718d278,Centro Merchant D5C530,3.5,GST-MG-FBDCE666
5ab05b6d86d417796c69ffd6774ec832,Assis Merchant 5AB05B,3.8,GST-SP-C4E9FF64
d4d99b60c4c94cd35acd502cec65dc8d,Sao Paulo Merchant D4D99B,3.0,GST-SP-F2442ECF
9de4643a8dbde634fe55621059d92273,Joinville Merchant 9DE464,4.53,GST-SC-C6C84A7F
3be634553519fb6536a03e1358e9fdc7,Sao Paulo Merchant 3BE634,3.95,GST-SP-33D8198A
b906dd0e57f282c7089171b6ed07982e,Parana Merchant B906DD,4.0,GST-PR-2EEF2FD6
ed46f1eb4a638113deb2a1137b5f22e9,Indaial Merchant ED46F1,4.0,GST-SC-98206D2D
c8025364abeecb115431bf95c11a747f,Porto Alegre Merchant C80253,4.5,GST-RS-56E48CAA
04308b1ee57b6625f47df1d56f00eedf,Bombinhas Merchant 04308B,3.88,GST-SC-88A0E3FD
457fe919b032a3f7dadba6fb92cf7855,Paulinia Merchant 457FE9,4.78,GST-SP-6DA1C057
f3055483058c84d75ca2a3314fb4deef,Salvador Merchant F30554,1.0,GST-BA-6E5EE780
0ac4201fda2c68ebc0e47cb9423cf3c9,Sao Paulo Merchant 0AC420,4.29,GST-SP-F9F1DAC7
a2b5b6105ea5942300631d2e76f4ffe0,Osasco Merchant A2B5B6,4.75,GST-SP-F1E4C566
23d7c96d4a1160db1c726b248601b25a,Capivari Merchant 23D7C9,3.8,GST-SP-F60A70EF
e883aa812c37a7413226856f4579fe91,Itapevi Merchant E883AA,4.15,GST-SP-E4EF646C
86bb7c4b535e49a541baf3266b1c95b1,Franca Merchant 86BB7C,3.2,GST-SP-D6DBB29E
cb810bd318f51b3dc3c753944d61a1fa,Niteroi Merchant CB810B,4.0,GST-RJ-E6A0009A
c0563dd588b775f2e37747ef6ad6c92c,Santo Andre Merchant C0563D,4.36,GST-SP-E4767F73
820cc752a266cdc6c1a1e61dd4583330,Maringa Merchant 820CC7,4.13,GST-PR-1FA8CE6A
e5475dcab1e07b63d7f6e902d8f5eda8,Diadema Merchant E5475D,4.11,GST-SP-7F80AC00
333c4210e76a1aa2ab817b99437e3ff1,Vargem Grande Do Sul Merchant 333C42,5.0,GST-SP-66A92556
aded58c8142dedc5494a81f948431fab,Rio De Janeiro Merchant ADED58,3.75,GST-RJ-BF0E4A40
33a6f4b1e7cdc205511e76ba1b6e0186,Guarulhos Merchant 33A6F4,4.41,GST-SP-4388DA6D
91f848e9f4be368f4318775aac733370,Sao Paulo Merchant 91F848,4.29,GST-SP-4E3825B9
7a67c85e85bb2ce8582c35f2203ad736,Sao Paulo Merchant 7A67C8,4.24,GST-SP-01B90266
55029529919c0123526150bd26ca8f20,Contagem Merchant 550295,4.71,GST-MG-6385369E
b372ee768ed69e46ca8cdbd267aa7a38,Sao Jose Do Rio Preto Merchant B372EE,4.44,GST-SP-4E737EC5
d20b021d3efdf267a402c402a48ea64b,Ibitinga Merchant D20B02,3.7,GST-SP-AE493D46
cf6f6bc4df3999b9c6440f124fb2f687,Sao Paulo Merchant CF6F6B,5.0,GST-SP-6A135AF7
a3b42d266fa8afc874b909422ce88582,Orlandia Merchant A3B42D,5.0,GST-SP-A44E7110
d63c73efd41eb002280e7ec831424edb,Piracicaba Merchant D63C73,4.0,GST-SP-E32449F2
dc7192adf8ba09569261f4a8d576afe0,Itapeva Merchant DC7192,3.86,GST-SP-F45F2D9F
0ea22c1cfbdc755f86b9b54b39c16043,Sete Lagoas Merchant 0EA22C,4.4,GST-MG-885A0B29
be8e909810184b9b19e886129149d8e5,Piracicaba Merchant BE8E90,3.73,GST-SP-A9CBD105
269c5fc9fcadee614364c3620c30a1f9,Guarulhos Merchant 269C5F,5.0,GST-SP-D90108DC
bbaff50f3b708fda865918715276cd87,Atibaia Merchant BBAFF5,4.75,GST-SP-6C402463
3b18f9856c6eb2413eafedb58e9eecd9,Santo Andre Merchant 3B18F9,5.0,GST-SP-1B46D073
db2956745b3a8e9f3785c99f34b5d25e,Sao Sebastiao Merchant DB2956,3.77,GST-SP-7AC903B8
8fb791022c1fc8909664f48ab7dc636d,Sao Paulo Merchant 8FB791,4.2,GST-SP-C0883EF8
232a6014e7b10cba61c6c2b2ea6bb4b0,Cafelandia Merchant 232A60,4.16,GST-SP-11BBE5A3
6614814a00d344b846ae209f95ee7e3f,Macatuba Merchant 661481,1.0,GST-SP-0882F330
59cd88080b93f3c18508673122d26169,Praia Grande Merchant 59CD88,4.7,GST-SP-F1B15C32
fffd5413c0700ac820c7069d66d98c89,Amparo Merchant FFFD54,3.85,GST-SP-B5345AD2
712e6ed8aa4aa1fa65dab41fed5737e4,Videira Merchant 712E6E,3.39,GST-SC-F906B7B0
b5abf4f36adc043117b4fca82c22984c,Brasilia Merchant B5ABF4,2.55,GST-DF-756AFBCF
6dd7dce75cd55c1ce255dc38d9f0cd46,Palhoca Merchant 6DD7DC,4.0,GST-SC-DC5C133F
bbe87dce25ba8b38bb61cc7210a3f10b,Sao Joao Da Boa Vista Merchant BBE87D,5.0,GST-SP-48867DBE
99a25c39b28a74d1151c35c18d178292,Sao Paulo Merchant 99A25C,5.0,GST-SP-35EC8C7E
05730013efda596306417c3b09302475,Criciuma Merchant 057300,5.0,GST-SC-C419B105
0b35c634521043bf4b47e21547b99ab5,Teixeira Soares Merchant 0B35C6,3.36,GST-PR-020BDD07
c35672b10ad50968f567ea3f4b91e877,Mesquita Merchant C35672,4.5,GST-RJ-B39C5295
f5403d3f50089112c4eed37928b7f622,Fernandopolis Merchant F5403D,1.0,GST-SP-FF5D74B5
f435898e493ba0356019a0b1cb8b55b1,Curitiba Merchant F43589,4.4,GST-PR-F7F3B2A1
7adbd3210a7b3cc2235e225eef33574d,Sao Paulo Merchant 7ADBD3,4.67,GST-SP-30FC73B2
d8cf3b6a2151949f930d0252b180ec42,Mandaguacu Merchant D8CF3B,3.5,GST-PR-E3797A8C
4ce8b55b4bfa4659184e7becc1fba3f2,Fazenda Rio Grande Merchant 4CE8B5,3.0,GST-PR-BCB9624D
5d043cd5512d4bd2f88e5ccdd5736c38,Sao Paulo Merchant 5D043C,2.0,GST-SP-D7C38B91
7a073a40a9d3f1fee8bc45670ea1e909,Londrina Merchant 7A073A,1.0,GST-PR-916E379C
edb1ef5e36e0c8cd84eb3c9b003e486d,Teresopolis Merchant EDB1EF,4.42,GST-RJ-6EB07FA4
761681a821d8275bc79f552116d06869,Sao Paulo Merchant 761681,5.0,GST-SP-D984C702
3361277dc30b7cccdb0c286b24219756,Maringa Merchant 336127,4.34,GST-PR-1CC8F333
519a7aa428f18d125a283cf8c014fdd6,Rio Do Oeste Merchant 519A7A,4.0,GST-SC-FC02D60A
3c7c4a49ec3c6550809089c6a2ca9370,Sao Paulo Merchant 3C7C4A,3.64,GST-SP-4608C82A
53b0300ca793f9834cd69c0678d35ee8,Indaiatuba Merchant 53B030,5.0,GST-SP-3962D4B7
822bad9bc42b51213ba522fe87b7ab5d,Balneario Camboriu Merchant 822BAD,4.11,GST-SC-1E1FD34A
48162d548f5b1b11b9d29d1e01f75a61,Piracicaba Merchant 48162D,3.9,GST-SP-6F868C9E
88ef59b51bdaa941d10a853429f2b6ce,Guaratuba Merchant 88EF59,2.0,GST-PR-FDB4DD37
1992f8fb6b19fcccd97ca819811e7267,Sao Paulo Merchant 1992F8,1.0,GST-SP-925C201F
3fd1e727ba94cfe122d165e176ce7967,Araraquara Merchant 3FD1E7,3.78,GST-SP-929424A5
ea4e9ce63a2134743b4a92777437fcdd,Palhoca Merchant EA4E9C,4.67,GST-SC-4161551D
45a3d05fb00435e52a28859dd03703b3,Guarulhos Merchant 45A3D0,5.0,GST-SP-9E3E9E53
c3fe93ba3085f92855c97e57f38c8c05,Curitiba Merchant C3FE93,5.0,GST-PR-83A1D71F
9646c3513289980f17226a2fc4720dbd,Sao Jose Dos Campos Merchant 9646C3,4.35,GST-SP-9CEA0D0B
52a52b9f656520e99716f5bc40f661c8,Sao Carlos Merchant 52A52B,4.0,GST-SP-E57442BC
36a968b544695394e4e9d7572688598f,Santos Merchant 36A968,3.66,GST-SP-65E420C2
4b5f66b7adcf57f1ecc0d3c07dd6b177,Vendas@Creditparts.Com.Br Merchant 4B5F66,4.09,GST-PR-E7D17E46
ec21206b7894c503788a684a7bc822a6,Armacao Dos Buzios Merchant EC2120,2.67,GST-RJ-C9BF5232
b1aaae6b66ad3c40f54b389d7ea4bee0,Sao Paulo Merchant B1AAAE,4.4,GST-SP-4C8E590E
89ad3263c0931c47f976d7c5778e60f6,Sao Paulo Merchant 89AD32,4.17,GST-SP-13155443
af4a0e4cfe1d9c26b6712b1be25a72e5,Mateus Leme Merchant AF4A0E,3.43,GST-MG-A2135CA3
6f1a1263039c76e68f40a8e536b1da6a,Sao Paulop Merchant 6F1A12,1.5,GST-SP-CE84CB49
5f67c6082caacb26e431a7b17940cece,Maringa Merchant 5F67C6,3.54,GST-PR-A12AF378
5721089ba9214e80074f27d5a03fc0eb,Sao Paulo Merchant 572108,5.0,GST-SP-A73742D9
1782ce2db72c3dda627d5e7c898104e1,Taboao Da Serra Merchant 1782CE,4.33,GST-SP-8A375AEE
8160255418d5aaa7dbdc9f4c64ebda44,Ibitinga Merchant 816025,3.94,GST-SP-D3DE46B5
cee48807215b30a12ca2ca10ffb5f250,Guaruja Merchant CEE488,3.77,GST-SP-54029586
8e670472e453ba34a379331513d6aab1,Juiz De Fora Merchant 8E6704,1.0,GST-MG-8DDE0917
633ecdf879b94b5337cca303328e4a25,Sao Paulo Merchant 633ECD,1.8,GST-SP-0AEF7738
05a940b4ecae36cadfd8e93bd9c43257,Goiania Merchant 05A940,3.9,GST-GO-FF1DA00A
da7039f29f90ce5b4846ffc0fcc93beb,Santo Andre Merchant DA7039,4.53,GST-SP-9CFC9231
4c03b9dd4c11ee2cb35c96c49efc9420,Campo Limpo Paulista Merchant 4C03B9,4.11,GST-SP-63214103
a5a1bfcf728ab0e19182959cf0771ee4,Socorro Merchant A5A1BF,4.33,GST-SP-9DBCF82A
431050a06a317f2b38168dec3dcd2b46,Sao Paulo Merchant 431050,4.25,GST-SP-914A4B52
40ec8ab6cdafbcc4f544da38c67da39a,Francisco Beltrao Merchant 40EC8A,5.0,GST-PR-ADF6EA57
ffff564a4f9085cd26170f4732393726,Campinas Merchant FFFF56,2.1,GST-SP-9DA32F3A
bede56095ba33c42038fb85f707b8a42,Valinhos Merchant BEDE56,4.5,GST-SP-AAFBABD7
bbad7e518d7af88a0897397ffdca1979,Sao Paulo Merchant BBAD7E,3.16,GST-SP-EB048E5F
a806a4bb063ea7ca6d374eafa50a6058,Serra Merchant A806A4,4.0,GST-ES-B7683FB2
1b1ae47a313a825a7ccceb8e2e30fa9d,Bocaiuva Do Sul Merchant 1B1AE4,3.9,GST-PR-E73E5890
d9e7e7778b32987280a6f2cb9a39c57d,Sao Paulo Merchant D9E7E7,3.55,GST-SP-5021F6B9
99a54764c341d5dc80b4a8fac4eba3fb,Sao Paulo Merchant 99A547,3.61,GST-SP-D5F9CF81
939f6e231201f26803cb5c3a3d2940b3,Bauru Merchant 939F6E,4.67,GST-SP-FB69E661
282f23a9769b2690c5dda22e316f9941,Belo Horizonte Merchant 282F23,4.33,GST-MG-A563C2FA
427165bf50f8ca07efc7bdc2bfcf1688,Americana Merchant 427165,3.2,GST-SP-6A78C393
d03698c2efd04a549382afa6623e27fb,Ilheus Merchant D03698,4.5,GST-BA-7DAC33ED
e21a1e8be4715b0fcfd5385643bc49c4,Jaguaruna Merchant E21A1E,3.67,GST-SC-E6B2672A
1e26c56af8d48424e1df0140a2401f83,Jaguariuna Merchant 1E26C5,5.0,GST-SP-D30769B5
8f119a0aee85c0c8fc534629734e94fd,Barueri Merchant 8F119A,4.25,GST-SP-817EB0A1
fdaaf5bfda82b7b80535610c831b8d09,Sao Jose Do Rio Preto Merchant FDAAF5,4.2,GST-SP-C0AA4C33
b274baf5bbd142410eb2958cf685d684,Montenegro Merchant B274BA,4.29,GST-RS-3549D7E5
bcc9dd23e2a8bd8267cf92b19304a1b9,Ibitinga Merchant BCC9DD,2.33,GST-SP-C1876070
751e274377499a8503fd6243ad9c56f6,Campinas Merchant 751E27,5.0,GST-SP-B1C36785
1fddcb7b326905d3ad5efe82187db347,Sao Paulo Merchant 1FDDCB,1.0,GST-SP-73A6BB7E
b1fc4f64df5a0e8b6913ab38803c57a9,Sao Goncalo Merchant B1FC4F,3.86,GST-RJ-BF8221B3
4eb61f060e7dcc1d5a80d806c35cc541,Sao Paulo Merchant 4EB61F,3.88,GST-SP-FDD3B3EC
1d0646a72178a6fb37ee8082140e06ec,Joinville Merchant 1D0646,5.0,GST-SC-639BF9C2
0ebd97a106433a45a4aebe57c1799778,Contagem Merchant 0EBD97,4.48,GST-MG-7E7BB3F7
63bc58679c44e8a998792119fd7ad23e,Sao Paulo Merchant 63BC58,1.0,GST-SP-3573E93C
101921376b577a4540dc30e9009133ca,Rio Claro Merchant 101921,2.0,GST-SP-3920A3CB
f0ec78809fe0bc3edb11c9fe5b97b059,Sao Paulo Merchant F0EC78,4.0,GST-SP-A2F46DDF
6219ba2359cfb97f2e38fd4c321eb309,Sao Paulo Merchant 6219BA,3.4,GST-SP-3D8C3D1D
a7f13822ceb966b076af67121f87b063,Itaquaquecetuba Merchant A7F138,3.34,GST-SP-305E42B0
4e8dacf3d38f281ae26c3e0321d92d88,Sao Paulo Merchant 4E8DAC,2.8,GST-SP-FEA9E872
78a4d36f65a019172c6154468831a69f,Bauru Merchant 78A4D3,4.29,GST-SP-EB23B726
c64a2aec32cc408a8a4c6d7c46017f91,Imbe Merchant C64A2A,3.89,GST-RS-8036CAF5
cb162c8eef257253782d245c08d9097c,Barueri Merchant CB162C,5.0,GST-SP-8CFB35F2
fc6295add6f51a0936407ead70c1001d,Sao Paulo Merchant FC6295,1.0,GST-SP-18A6E0CA
f0e103c63864d5405b958d984b6e94c9,Osasco Merchant F0E103,4.73,GST-SP-B3350286
5def4c3732941a971cba8fdee992ede1,Sao Paulo Merchant 5DEF4C,4.6,GST-SP-E45C15AB
80e6699fe29150b372a0c8a1ebf7dcc8,Pinhais Merchant 80E669,4.28,GST-PR-65FAEAE6
42ef3192a9ff87a22d1867b74b3ee205,Santo Andre Merchant 42EF31,4.65,GST-SP-6CC09280
a2deecd5398f5df4987110c80a1972a3,Sao Paulo Merchant A2DEEC,3.71,GST-SP-498227C7
9853a239ab7b7ebbdc3a21248d5b8e1f,Campo Largo Merchant 9853A2,3.8,GST-PR-A783346B
f8e2c1b59cd4225a3e4fd0d013a76b93,Ribeirao Preto Merchant F8E2C1,5.0,GST-SP-05D7304C
9c3c24eca51c52b91c1de727d2a2ae06,Caxias Do Sul Merchant 9C3C24,4.5,GST-RS-0E8215E5
f524ad65d7e0f1daab730ef2d2e86196,Soledade Merchant F524AD,1.0,GST-RS-A2DA1182
aae5953b9edddf14749c0d65d60eb4b9,Belo Horizonte Merchant AAE595,5.0,GST-MG-5070DD84
c003204e1ab016dfa150abc119207b24,Cajamar Merchant C00320,4.45,GST-SP-39FA3ABD
5656537e588803a555b8eb41f07a944b,Brasilia Merchant 565653,3.87,GST-DF-03D52AE9
503c1de08ae81a2d86f17951b204db55,Sao Paulo Merchant 503C1D,4.41,GST-SP-F07C8A52
b8bc237ba3788b23da09c0f1f3a3288c,Itajai Merchant B8BC23,4.32,GST-SC-9669CAFC
7816cd9c5b1238e320545f5bf7eb80e8,Araraquara Merchant 7816CD,4.0,GST-SP-5BAF0667
213fafb0ca06fb3d5886579c2565791b,Sete Lagoas Merchant 213FAF,2.33,GST-MG-C629D578
404e1ba01358af4cd63f679b2c4d1fa1,Juiz De Fora Merchant 404E1B,5.0,GST-MG-B68E6508
186cdd1b2df32caa72cfb410bba768d3,Rio Negrinho Merchant 186CDD,5.0,GST-SC-FE15293B
de23c3b98a88888289c6f5cc1209054a,Sao Paulo Merchant DE23C3,4.26,GST-SP-CB671793
fe49ee029e61e789a1f3a5525f57ba8d,Osasco Merchant FE49EE,4.06,GST-SP-289326D9
902c99f1ac505c0d18778b61bcd636f7,Mogi Guacu Merchant 902C99,4.0,GST-SP-FF26EF5E
94ca168e8bcb407ab85c5da308863027,Clementina Merchant 94CA16,5.0,GST-SP-622FF5C0
82921991ff5b557b045605b8bbf08d49,Sao Paulo Merchant 829219,5.0,GST-SP-E208CCF3
77128dec4bec4878c37ab7d6169d6f26,Sao Paulo Merchant 77128D,5.0,GST-SP-98C9A545
4bf658053d453036c70976bccb2c31b2,Sao Jose Do Rio Preto Merchant 4BF658,4.5,GST-SP-17C4C8F1
e8a85b5f3df47be0984c55fd4064dbb4,Brasilia Merchant E8A85B,4.5,GST-DF-C7EFF8D9
28f10b1c5e5abb9d4857745bede6147c,Sao Paulo Merchant 28F10B,4.0,GST-SP-01EE7626
48bad451945f5227341793478d6353ea,Sao Paulo Merchant 48BAD4,4.0,GST-SP-C4620394
2a61c271b1ac763450d846849783e922,Santo Andre Merchant 2A61C2,4.06,GST-SP-3B76C8DC
ba6ce6de456f6c11d08c17701ba5c26f,Sorocaba Merchant BA6CE6,4.17,GST-SP-982A87AA
5dceca129747e92ff8ef7a997dc4f8ca,Santa Barbara D´Oeste Merchant 5DCECA,3.98,GST-SP-0ADFE034
e1dc0754bada9ee4cfe9713f22f61292,Duque De Caxias Merchant E1DC07,3.83,GST-RJ-DBBCE6F1
39a5005f2605cbdb4f9ac14485cabfd1,Barretos Merchant 39A500,5.0,GST-SP-0217E014
2bf28e311bba65237358230cabac3f15,Londrina Merchant 2BF28E,3.71,GST-PR-CFBAD1EA
0e44d110fa6a54e121cb2c095a77762f,Francisco Morato Merchant 0E44D1,4.33,GST-SP-87FC92C2
3d871de0142ce09b7081e2b9d1733cb1,Campo Limpo Paulista Merchant 3D871D,4.15,GST-SP-D576A251
bf0d50a6410d487dc97d2baac0a8c0be,Piracicaba Merchant BF0D50,2.0,GST-SP-F0FA5F8A
51e4e89242cbb846c2deff3dc015650e,Rio Grande Merchant 51E4E8,4.62,GST-RS-79F3EE8B
86ccac0b835037332a596a33b6949ee1,Blumenau Merchant 86CCAC,4.19,GST-SC-6A0E4470
c97aa4ee7420f937da13b7f9e2228b99,Novo Hamburgo Merchant C97AA4,1.0,GST-RS-762DC5B8
aac51c486b672a9850d59f3e84b1cf88,Sao Paulo Merchant AAC51C,4.8,GST-SP-58AB14CC
3340ef1913fb70d28420f6ceb685c339,Maringa Merchant 3340EF,4.38,GST-PR-7C69F0D1
76de363de16dacc923eec8daf91df504,Xaxim Merchant 76DE36,2.5,GST-SC-188AF824
58b98ccb79873e04eac4357cacc590d9,Campinas Merchant 58B98C,1.0,GST-SP-A590D568
fc99f99385ae90f66f01733856fb88c9,Boituva Merchant FC99F9,1.0,GST-SP-A7CA7946
b74d1c09cb380e1d03a6f859c6f4224b,Rio De Janeiro Merchant B74D1C,4.26,GST-RJ-9BE7F604
1bb2bdb95f4841f1bba2c0d2cd83d3c9,Sao Paulo Merchant 1BB2BD,4.64,GST-SP-114D23F8
670c26e0f1bf8d0576271d5cfaec6d2b,Maringa Merchant 670C26,4.27,GST-PR-72EB021B
c32fc744b9160ac853450488e3cfea93,Ribeirao Preto Merchant C32FC7,2.33,GST-SP-348F8D66
59de1d4c8c057c2a53acd4ca66531af2,Curitiba Merchant 59DE1D,5.0,GST-PR-B82178BD
e64882b4ef12aee8d0faca4db5b681f4,Goiania Merchant E64882,4.0,GST-GO-BBF120A9
1b65c144b17e607c0f37f10bb7dfec8d,Rio Do Sul Merchant 1B65C1,2.0,GST-SC-5F78FB55
15ac3c501e2599e4917316fde5c5669a,Sao Paulo Merchant 15AC3C,1.0,GST-SP-E0F225F5
f4aba7c0bca51484c30ab7bdc34bcdd1,Sao Paulo Merchant F4ABA7,3.94,GST-SP-255D69C1
e0878efa0e0b7e5313ac0b43bc04c081,Curitiba Merchant E0878E,3.54,GST-PR-2A9813E2
03a2a6dcbe45d639c4dc2a0d24769c40,Maua Merchant 03A2A6,4.11,GST-SP-829F6721
327b89b872c14d1c0be7235ef4871685,Manaus Merchant 327B89,2.33,GST-AM-FDDFCC8B
e9d99831abad74458942f21e16f33f92,Sao Paulo Merchant E9D998,3.93,GST-SP-EC47413F
a45765f8afb1e594b22bf9e974b46765,Sao Paulo Merchant A45765,4.0,GST-SP-A35FAF43
dc8798cbf453b7e0f98745e396cc5616,Sao Paulo Merchant DC8798,3.07,GST-SP-01FC1893
d9cd369bffa979d1634f8e1318bf2f1b,Bady Bassitt Merchant D9CD36,5.0,GST-SP-3B503184
240b9776d844d37535668549a396af32,Niteroi Merchant 240B97,4.28,GST-RJ-468A0F93
70f7e8018e3d46c748c92f026aa2585a,Sao Paulo Merchant 70F7E8,5.0,GST-SP-172E69F8
d1e2fe627180431ffda076abb303c56f,Rio De Janeiro Merchant D1E2FE,1.0,GST-RJ-FC0998B4
3f2af2670e104d1bcb54022274daeac5,Terra Boa Merchant 3F2AF2,3.33,GST-PR-BF51614F
bb3dca718920a4d7ec3cc9ffb025108b,Sao Paulo Merchant BB3DCA,3.0,GST-SP-9DED3ACF
babcc0ab201e4c60188427cae51a5b8b,Porto Ferreira Merchant BABCC0,5.0,GST-SP-A0F75AB6
eed78ac17f7f795a19a709745f00cd4e,Botucatu Merchant EED78A,3.77,GST-SP-8693955B
a2e874074c877c5a05abae80ad6e488f,Sao Jose Do Rio Preto Merchant A2E874,3.95,GST-SP-27B7DD2C
abcd2cb37d46c2c8fb1bf071c859fc5b,Cuiaba Merchant ABCD2C,4.24,GST-MT-34C048E7
1703bc09972dab9782e7a9194943b69f,Minas Gerais Merchant 1703BC,5.0,GST-MG-07494DDD
365e445f796710c3431557e85caa25db,Sao Paulo Merchant 365E44,4.5,GST-SP-9596317C
0bb738e4d789e63e2267697c42d35a2d,Sao Roque Merchant 0BB738,4.6,GST-SP-45569577
3d290fe363c60a77498c1126fd3fb8d3,Itapevi Merchant 3D290F,4.33,GST-SP-65080D9C
325f3178fb58e2a9778334621eecdbf9,Taboao Da Serra Merchant 325F31,4.44,GST-SP-A63DE49A
8c16d1f32a54d92897cc437244442e1b,Blumenau Merchant 8C16D1,4.36,GST-SC-689F1838
f5a590cf36251cf1162ea35bef76fe84,Sao Bernardo Do Campo Merchant F5A590,4.23,GST-SP-5A3DDF2A
61f159ef6da2d441951d2c0efa719362,Serra Merchant 61F159,1.0,GST-ES-79DC946B
1e8b33f18b4f7598d87f5cbee2282cc2,Sao Paulo Merchant 1E8B33,4.37,GST-SP-BA59C89F
59cea8e446d3834393058e7e0666b6fb,Maringa Merchant 59CEA8,4.6,GST-PR-DF28919D
8c5e007d7bd5693fa1386ffefbc99f6c,Indaiatuba Merchant 8C5E00,4.33,GST-SP-858D1900
1da3aeb70d7989d1e6d9b0e887f97c23,Sao Paulo Merchant 1DA3AE,4.15,GST-SP-8790FA91
5b67882648febfb6e1225e6ad7164f6b,Umuarama Merchant 5B6788,4.0,GST-PR-8635DF4C
53e4c6e0f4312d4d2107a8c9cddf45cd,Pedreira Merchant 53E4C6,4.09,GST-SP-3DD39CA5
039e6ad9dae79614493083e241147386,Sao Paulo Merchant 039E6A,4.0,GST-SP-FBF2343E
d65f31d2413268e671989503f6cf9993,Artur Nogueira Merchant D65F31,1.0,GST-SP-CB913D88
cad10cc982ab6a391570c211b995c17c,Avare Merchant CAD10C,5.0,GST-SP-E40B6B46
527801b552d0077ffd170872eb49683b,Garca Merchant 527801,4.47,GST-SP-A34A66B9
be67f78487e2cecb0d55bc769709e4f5,Ibirite Merchant BE67F7,5.0,GST-MG-09F4059B
8ca1551acf9832a4cf467bbbac15851f,Campo Largo Merchant 8CA155,3.91,GST-PR-4E251C99
2ea0861cc19e94cad86438c984c52da4,Sao Paulo Merchant 2EA086,3.33,GST-SP-5D6818BA
7202e2ba20579a9bd1acb29e61fe71f6,Franca Merchant 7202E2,3.87,GST-SP-EF7CADB6
0509040ea3fe50071181bbc359eb7738,Belo Horizonte Merchant 050904,4.48,GST-MG-5A27B739
20fd2d2080ed85fa67fad3fcbb2c1813,Colombo Merchant 20FD2D,1.0,GST-PR-CC4FE7D4
2039c5e51785b5dde7cf93ccb3b7be2c,Guaira Merchant 2039C5,5.0,GST-SP-603572AF
62de60d81c55c29d76a6bce418b31cef,Ibitinga Merchant 62DE60,4.0,GST-SP-CE362932
eaf6d55068dea77334e8477d3878d89e,Sao Paulo Merchant EAF6D5,5.0,GST-SP-20B3F486
e89c4adbe7b1d0819dbb636e16461cf1,Indaiatuba Merchant E89C4A,3.83,GST-SP-E2A28B08
2e2f44824ab87a0cb961f68bf4073e7f,Curitiba Merchant 2E2F44,2.0,GST-PR-4C2C0B4F
85ecf03781da592876b7844acc1b729f,Sao Paulo Merchant 85ECF0,4.5,GST-SP-EA7F7F5D
5c853bb56f70f4d14218944bae111d7a,Cotia Merchant 5C853B,4.0,GST-SP-1706589C
bba74270a87732727b5a3b4fd9ac1c39,Betim Merchant BBA742,3.97,GST-MG-7EF51186
e8ff5a6ceb895583033fc2a0f314e3c2,Blumenau Merchant E8FF5A,5.0,GST-SC-66957734
835f0f7810c76831d6c7d24c7a646d4d,Sao Paulo Merchant 835F0F,3.34,GST-SP-3827019E
702835e4b785b67a084280efca355756,Juiz De Fora Merchant 702835,5.0,GST-MG-64189320
4ea2f12dbe91deeacd2c1e74f069a6e6,Sao Paulo Merchant 4EA2F1,4.75,GST-SP-A06A03E5
a066df7361163e7ddc5d7452dd17448b,Franca Merchant A066DF,4.4,GST-SP-1F24CE16
bc8c8d665ec4664d286be0d521722b19,Sao Paulo Merchant BC8C8D,2.0,GST-SP-439F8746
5e106d93b717c2682b9383da480364a1,Santa Terezinha De Itaipu Merchant 5E106D,5.0,GST-PR-4D59B636
bd4431c1a8dfa744b59e1e2a8bc99b9e,Rio De Janeiro Merchant BD4431,4.57,GST-RJ-A3FCA8BA
bd4ff04377f974574f7f0bf9d6ce7dde,Santa Maria Da Serra Merchant BD4FF0,3.5,GST-SP-C23C5A7A
3076499bbc033a927bf4a8a41bcf7fd4,Auriflama Merchant 307649,4.29,GST-SP-50A67E1E
010da0602d7774602cd1b3f5fb7b709e,Sao Bernardo Do Campo Merchant 010DA0,1.0,GST-SP-9D3B12FD
4d6fb82c629c7a5028bfd973c07b05e0,Belo Horizonte Merchant 4D6FB8,2.0,GST-MG-6F2101C6
5d505d2298ad549e4e4e835562fa0c1e,Birigui Merchant 5D505D,5.0,GST-SP-FDEEE5BA
5aaa890629f83706d8d9bfecd8377c1c,Petropolis Merchant 5AAA89,1.0,GST-RJ-150D7BFE
ad14615bdd492b01b0d97922e87cb87f,Tubarao Merchant AD1461,5.0,GST-SC-C5D2FE55
7df1fc11cc5cbc518b39faa60cf5d67c,Campo Grande Merchant 7DF1FC,4.2,GST-MS-EDEAD7F0
238fac594e170b59c6d228f5a4f4f1d9,Dois Corregos Merchant 238FAC,4.0,GST-SP-12A21F86
29c322e3f09f886f8bacbe91dfbd979e,Santa Maria Merchant 29C322,5.0,GST-RS-5ADF16DE
134a288e7de827ec5ec62e3ec9c3a295,Sao Paulo Merchant 134A28,4.78,GST-SP-F06CAD0F
33fd411ed63a7c2f9005e3f065d9f85d,Condor Merchant 33FD41,4.0,GST-RS-BE341FFE
edb58a1390adf273840030a3d6253829,Piracicaba Merchant EDB58A,5.0,GST-SP-AAE265D6
1e8c6a4c538f286aee9573239740a4b4,Itatiba Merchant 1E8C6A,3.8,GST-SP-7E73AC67
07de60b03d150fb3ea09eab5da5e4c8b,Ibitinga Merchant 07DE60,4.33,GST-SP-A75B6B80
f1ce5fdecd64935c28b9ff932751d0dc,Santana De Parnaiba Merchant F1CE5F,4.5,GST-SP-D0600140
ede2977fbaf3738583170735ca403f6c,Curitiba Merchant EDE297,5.0,GST-PR-18FEF5D1
03bd479e1d9484cdb14104d3023f7321,Uberlandia Merchant 03BD47,4.33,GST-MG-76A648C2
31e60bf8d103ce47932a85f5562deb16,Goiania Merchant 31E60B,5.0,GST-GO-F6C4F774
83645b1645cdee8953ee54c29ceed564,Santa Terezinha De Itaipu Merchant 83645B,4.43,GST-PR-A870CCB3
bdae679a9b282249bc23b9b69dae9a99,Brasilia Merchant BDAE67,3.5,GST-DF-7838FFC3
5cf13accae3222c70a9cac40818ae839,Patos De Minas Merchant 5CF13A,4.45,GST-MG-B9C2029A
a247197e2e9c19a6a53a6888cb8b660f,Sao Jose Do Rio Preto Merchant A24719,1.0,GST-SP-D144474D
249f0e9905a6e06ad6c6bea7547ab9f6,Rio De Janeiro Merchant 249F0E,3.67,GST-RJ-CED322F4
96804ea39d96eb908e7c3afdb671bb9e,Ibia Merchant 96804E,4.05,GST-MG-0380435C
cd233f8bfa30ebfd651f47ee7d054951,Birigui Merchant CD233F,5.0,GST-SP-D3182157
3986c0b54f6b748b75e7bd4e092aa3e5,Curitiba Merchant 3986C0,5.0,GST-PR-D420CC6B
5563732abe64c3036cb97ad924128dd1,Guarulhos Merchant 556373,4.5,GST-SP-ABB53252
51f108f62cb87d61918159902c8f8583,Cascavel Merchant 51F108,4.33,GST-PR-4F4761A5
134b867a0f7f8bbe6abf10f91874891e,Valinhos Merchant 134B86,4.0,GST-SP-63874CE4
57c764b4a836300be881e2ff86e449f9,Ribeirao Preto Merchant 57C764,4.14,GST-SP-E8510765
2fa13c8bd5705d279f7ed5cc9ec61c68,Sao Paulo Merchant 2FA13C,5.0,GST-SP-D4641778
e627629ba868740e287800f1a9be81c2,Sao Paulo Merchant E62762,4.46,GST-SP-C9747419
c72de06d72748d1a0dfb2125be43ba63,Guanambi Merchant C72DE0,4.48,GST-BA-6FD77DB1
8d79c8a04e42d722a75097ce5cbcf2ef,Caucaia Merchant 8D79C8,4.44,GST-CE-D9DDA17F
8060d731897e33b5c5ae575ce1e209e1,Blumenau Merchant 8060D7,4.8,GST-SP-3543CAEE
4c4d546adf3c3868fe19c9ec6e9ffda9,Maringa Merchant 4C4D54,4.0,GST-PR-CE766D8F
5a9c0859cb00fd8aa4db443837f0a700,Treze Tilias Merchant 5A9C08,4.5,GST-SC-93D7C27D
cecd97bc34ed8330bd4cd15713eda670,Cordilheira Alta Merchant CECD97,1.0,GST-SC-FDA47780
9c3a1c416c765687bc79a04113269929,Carmo Da Mata Merchant 9C3A1C,1.0,GST-MG-312A04CC
8ae520247981aa06bc94abddf5f46d34,Navegantes Merchant 8AE520,4.45,GST-SC-D979E23C
ac3508719a1d8f5b7614b798f70af136,Canoas Merchant AC3508,4.6,GST-RS-C47EE11C
15cd6eefe58588619aaed41dfa6621b1,Ouro Preto Merchant 15CD6E,4.25,GST-MG-210D811F
4a3ca9315b744ce9f8e9374361493884,Ibitinga Merchant 4A3CA9,3.83,GST-SP-A45E405B
478bfe564db21eeb44386606aa30b650,Pedro Leopoldo Merchant 478BFE,4.67,GST-MG-8F4CFA9C
6d988d6174a2c27441597174f8905515,Maringa Merchant 6D988D,4.11,GST-PR-3EF4F346
ed49da7cadefc454d6a67de249eab240,Sao Paulo Merchant ED49DA,3.0,GST-SP-D34341D5
6f892e20a171e98efe17fdb971ff319b,Sao Paulo Merchant 6F892E,3.93,GST-SP-B14F5AFC
4bfc7a4a1cf8d4d2121c27422d9e50b5,Sao Paulo Merchant 4BFC7A,4.54,GST-SP-AF629B39
acadd4d36859671cb635527c6c977533,Santa Rosa De Viterbo Merchant ACADD4,4.25,GST-SP-2E905E2C
034b9387752bfa309f350a70cd45ffa3,Blumenau Merchant 034B93,4.5,GST-SC-5AF01A6E
a1ed30492b3b798bc121845bc4aa7366,Sao Paulo Merchant A1ED30,3.0,GST-SP-DF514DE5
abbf6046bbdf1028606a5bc7f00c99e7,Xanxere Merchant ABBF60,4.14,GST-SC-3D32E1F4
901b460cdce0c64e471230d7f2f9f3a3,Porto Alegre Merchant 901B46,4.4,GST-RS-C87467F4
81ed90f07c0bacb7594940ba2ef676aa,Divinopolis Merchant 81ED90,4.5,GST-MG-BEEB4F85
11eac105f3f90a9b87b19c89d91e24f3,Sao Paulo Merchant 11EAC1,3.6,GST-SP-20EBDAB9
0725b8c0f3f906e58f70cbe76b7c748c,Guarulhos Merchant 0725B8,3.5,GST-SP-75D02DA1
d1a5cc844736958c11b8efab9a2b4c87,Curitiba Merchant D1A5CC,1.0,GST-PR-409B2CDA
f35becee938e982bd615edf8ef12bcfb,Alvares Machado Merchant F35BEC,4.0,GST-SP-40CD357F
634964b17796e64304cadf1ad3050fb7,Rio De Janeiro Merchant 634964,4.04,GST-RJ-4E63B5C4
6624bc09786f0e41ae48dfc5eeb1a9e2,Belo Horizonte Merchant 6624BC,5.0,GST-MG-DB6CF66D
54219883e72aad869adfb2a54b7bfa0f,Sorocaba Merchant 542198,3.2,GST-SP-3D0F1D72
5795aebfe331fbcd02a2c4b679fb7952,Palhoca Merchant 5795AE,3.83,GST-SC-F90B157B
6e2d3e2dc84fb30f6078f39dd3bddd6f,Colombo Merchant 6E2D3E,1.0,GST-PR-47F4B803
3078096983cf766a32a06257648502d1,Scao Jose Do Rio Pardo Merchant 307809,4.2,GST-SP-2E6AFD35
014d9a685fd57276679edd00e07089e5,Maringa Merchant 014D9A,3.73,GST-PR-55037830
656591be56071d4c9ef4e5fee78a578a,Santo Andre Merchant 656591,4.57,GST-SP-4BD17FC3
26562f211dd1364af2a8596dc945e8ae,Sao Bernardo Do Campo Merchant 26562F,5.0,GST-SP-45CBB0C1
bccf933e006e9b94a6184af782963e77,Assis Merchant BCCF93,4.52,GST-SP-20173BED
12c2ed9cded6138cf0c75f525f565fc7,Praia Grande Merchant 12C2ED,4.25,GST-SP-F0FB3868
961dff0a659b4561334372337dd897d9,Rio De Janeiro Merchant 961DFF,3.75,GST-RJ-3B279D5F
b33e7c55446eabf8fe1a42d037ac7d6d,Pradopolis Merchant B33E7C,4.16,GST-SP-882A2148
2235cf78d3e2073a88146a9cb60f0dd0,Sao Paulo Merchant 2235CF,5.0,GST-SP-6A70DEBF
218d46b86c1881d022bce9c68a7d4b15,Ribeirao Preto Merchant 218D46,4.15,GST-SP-19F71071
08d1c9478fb0d7d7fcac9c0da4e82fc7,Belo Horizonte Merchant 08D1C9,5.0,GST-MG-9E7902CF
dfc475d54e1b6dbeeb7d7d9bdaa63827,Curitiba Merchant DFC475,4.32,GST-PR-7BD90BAD
813348c996469b40f2e028d5429d3495,Jundiai Merchant 813348,4.06,GST-SP-329955B3
c394e193cda3b4225ff2094d32184849,Sao Paulo Merchant C394E1,3.67,GST-SP-71928CE9
2745f798279e0ed033addcc1474776d7,Sao Paulo Merchant 2745F7,3.97,GST-SP-AF188E79
6b803197e03abd5056b4313306b4f29d,Sao Paulo Merchant 6B8031,4.71,GST-SP-8C3E2B11
bafc5aa11e413978be29040f51342e70,Belo Horizonte Merchant BAFC5A,3.78,GST-MG-48CE4794
44717f64ec2a457979cf83c429077666,Santa Rosa Merchant 44717F,5.0,GST-RS-B344B909
b7cc6c5e001441ae8cdd5c69a480cbe4,Curitibanos Merchant B7CC6C,4.17,GST-SC-A8E99B5B
af7cdac9d9897cddead9c6b08976c642,Laranjal Paulista Merchant AF7CDA,3.67,GST-SP-1374DA8B
b3e2faf2c1004d674f16a3aa3197f0e1,Ribeirao Preto Merchant B3E2FA,5.0,GST-SP-57320623
670a9dda115b5a88b18cfadee8de2332,Ribeirao Preto Merchant 670A9D,4.45,GST-SP-7466D33D
3b15288545f8928d3e65a8f949a28291,Ibitinga Merchant 3B1528,3.96,GST-SP-4EBE9EBD
3e35a8bb43569389d3cebef0ce820f69,Sao Paulo Merchant 3E35A8,5.0,GST-SP-89F08DE1
81783131d2a97c8d44d406a4be81b5d9,Sorocaba Merchant 817831,3.5,GST-SP-93605432
29e6e05b65f93bc224c644319dc52ecf,Juiz De Fora Merchant 29E6E0,4.75,GST-MG-6132DB71
cce6ab8d1682639fe45ab70234f1665f,Curitiba Merchant CCE6AB,4.41,GST-SP-FCA5EDBF
e1643dff33666ca629e3644c02738179,Sao Paulo Merchant E1643D,4.33,GST-SP-F1C54743
76623fde66e6b63b59440fd34160512d,Guarulhos Merchant 76623F,4.0,GST-SP-90E3FCE8
5275ca25d0358ca73864e0ae41be1320,Guarulhos Merchant 5275CA,4.75,GST-SP-443470AF
eb4df17aed01d918c65f0f8d650900c0,Paulinia Merchant EB4DF1,3.91,GST-SP-96674292
10089e9f2fd0c668a8fd4e52e1698888,Sao Jose Do Rio Preto Merchant 10089E,4.33,GST-SP-DAC53924
c398bc00a606d33758afd91f4e64fd15,Rio De Janeiro Merchant C398BC,4.5,GST-RJ-77922607
2f09f7d37a97956d11cc1a7cadd5262b,Ribeirao Preto Merchant 2F09F7,2.91,GST-SP-23BD8DBE
e58a5b390e28abc0b216cfb0e07d27d7,Rio De Janeiro Merchant E58A5B,4.86,GST-RJ-174842DA
f41ce2e25237f9092cd8e6e7516c7a2f,Guarulhos Merchant F41CE2,4.3,GST-SP-4C274F17
8e6cc767478edae941d9bd9eb778d77a,Araguari Merchant 8E6CC7,3.94,GST-MG-09180B07
028872bfa080090a9d0abd4f1af168f8,Ribeirao Das Neves Merchant 028872,5.0,GST-MG-ACB12B83
1710c3aaa9c6b44ec3883ee0fe300e21,Sao Caetano Do Sul Merchant 1710C3,5.0,GST-SP-0C35A0B6
52d76513f0c4d97f3b99570e2c94ee31,Novo Hamburgo Merchant 52D765,4.06,GST-RS-A2DF0FA9
dace965ca58120f92f8d742a9fa1864b,Sao Paulo Merchant DACE96,4.62,GST-SP-2771CC0E
f5b44895715ddfe3087dc414f30268f3,Sorocaba Merchant F5B448,4.0,GST-SP-44D6D215
c8467937e403e76a8ee9f0ab13f6f5ef,Pocos De Caldas Merchant C84679,4.07,GST-MG-EE1DFC76
56f413900b5166ab4d730e9ac0b12cb0,Sorocaba Merchant 56F413,4.67,GST-SP-B4C1DDFD
3f8034bfc6b8b4135534975d49f04c63,Curitiba Merchant 3F8034,3.75,GST-PR-063616D8
4992e76a42cb3aad7a7047e0d3d7e729,Sao Paulo Merchant 4992E7,3.91,GST-SP-8ACB4B2A
265fdc289dffa9f1ad801c74f7d0de47,Jaci Merchant 265FDC,5.0,GST-SP-2DF68455
0afccdb8a34ee5c79f7c06faf2b4d56e,Uberlandia Merchant 0AFCCD,4.04,GST-MG-BC1432EE
02dcd3e8e25bee036e32512bcf175493,Contagem Merchant 02DCD3,3.67,GST-MG-D7B15C14
c9e5ad1f6647f5dbd1172adf6ae3cada,Porto Alegre Merchant C9E5AD,4.75,GST-RS-5BB404BD
02a2272692e13558373c66db98f05e2e,Rio De Janeiro Merchant 02A227,3.0,GST-RJ-37B6EEE1
f783a638e9c6af4a7d0dbfde811e7a81,Sao Paulo Merchant F783A6,4.0,GST-SP-30D19B6B
0b18d63d0cd1d723567903fd34a07df2,Sp Merchant 0B18D6,4.78,GST-SP-667A798A
3ef37b7ca6dd2b80bd8af81a62504996,Sao Paulo Merchant 3EF37B,4.5,GST-SP-07A9660A
dd4d95ba2d15c071e6c695e2ef6ce169,Cachoeiro De Itapemirim Merchant DD4D95,4.25,GST-ES-BC716877
7bb8fac2913a6064ec412e583c6d8b4d,Bauru Merchant 7BB8FA,5.0,GST-SP-01ABA91F
86649b1632b1c0e6c0bcb2c90a8b75d8,Medianeira Merchant 86649B,1.0,GST-PR-08598790
8dd386be0767c330276ea6a3f96532d3,Paulo Lopes Merchant 8DD386,5.0,GST-SC-07B70087
deaadd805612bf94faaa9fa702516e11,Sao Paulo Merchant DEAADD,1.0,GST-SP-BEADB327
5e063e85d44b0f5c3e6ec3131103a57e,Sao Paulo Merchant 5E063E,5.0,GST-SP-E8C9B670
6e4f5ff6b086632ba8dcb558fb10249e,Flores Da Cunha Merchant 6E4F5F,3.4,GST-RS-F70055A0
117cfc326c6d50da67ca858ff5c0c852,Sao Joao De Meriti Merchant 117CFC,4.6,GST-RJ-B07C4121
d25aa0aaacb370e912f8cf6efeba38b3,Massaranduba Merchant D25AA0,4.47,GST-SC-6C1C3C39
c0e6839516f5398edc34adf5f1d53d1a,Guaruja Merchant C0E683,2.67,GST-SP-16D064AE
119c7f1a00ef43fad0e57604e76a747c,Sao Paulo Merchant 119C7F,4.5,GST-SP-75BCD4E9
2953ce3a88f5e3c3b696d77fc9e4c8eb,Sao Paulo Merchant 2953CE,4.64,GST-SP-3382CBBF
bbf9ad41dca6603e614efcdad7aab8c4,Fortaleza Merchant BBF9AD,4.5,GST-CE-22D33EA2
d7b2377bae6ace1b11fc69a11900ac36,Sao Paulo Merchant D7B237,3.25,GST-SP-079ACD52
57fe6232e67823593374a2281d7a8af8,Capivari Merchant 57FE62,4.75,GST-SP-559CEAD7
4da0e408c99d2fdc2126dc9fce518060,Cornelio Procopio Merchant 4DA0E4,4.46,GST-PR-FA582E7F
8b28d096634035667e8263d57ba3368c,Sao Jose Dos Campos Merchant 8B28D0,3.97,GST-SP-83A01E91
82cb9f452fe8334df74b22d37824b431,Caxias Do Sul Merchant 82CB9F,4.71,GST-RS-9A89E129
9bc484c87d79cd4874e05ca182658045,Sao Paulo Merchant 9BC484,4.0,GST-SP-AB989AD2
c6218512d16fcac0af02fe92691cf274,Contagem Merchant C62185,4.11,GST-MG-67AB9651
d17f467e4bf608a510c20d82f4ba3b6b,Caxias Do Sul Merchant D17F46,4.0,GST-RS-45503667
4371b634e0efc0e22b09b52907d9d469,Sao Paulo Merchant 4371B6,4.45,GST-SP-428EE12A
1b45169b635ef59425637e9a33eb5fb3,Maringa Merchant 1B4516,4.57,GST-PR-4AAAA29B
bd23da7354813347129d751591d1a6e2,Sao Paulo Merchant BD23DA,4.02,GST-SP-7046142B
412a4720f3e9431b4afa1476a1acddbe,Campinas Merchant 412A47,4.24,GST-SP-0605D61D
7238a95bb63ef7e498389fb863b834a1,Limeira Merchant 7238A9,4.73,GST-SP-54F0B638
26785a546900236d66f2e4197c211158,Sao Paulo Merchant 26785A,4.67,GST-SP-580083CD
b7ed9fb14c8eadb37adb9c45d67ab0fb,Jacarei Merchant B7ED9F,3.29,GST-SP-0B6DB291
a0d7fbb07bb5ebc3b05980e750db56f3,Ferraz De Vasconcelos Merchant A0D7FB,2.33,GST-SP-6D801D27
10264f60a8f0a4d2f30810f5c661c673,Campinas Merchant 10264F,5.0,GST-SP-23519255
35857757f553273b1056c1cabdace7fb,Ribeirao Preto Merchant 358577,4.0,GST-SP-8F570F1A
538caafddff204241cecbf3a02e6b3cf,Sao Paulo Merchant 538CAA,2.56,GST-SP-F5DD0ED3
913fd0ebba70bb919f7254a02239173c,Blumenau Merchant 913FD0,1.0,GST-SC-2F9946D7
b2eecf5ea250510da76590ca79d60e5d,Sao Paulo Merchant B2EECF,5.0,GST-SP-D2A38029
1c742ac33582852aaf3bcfbf5893abcf,Belo Horizonte Merchant 1C742A,5.0,GST-MG-83C9F45D
8f2ce03f928b567e3d56181ae20ae952,Pirituba Merchant 8F2CE0,4.11,GST-SP-FB891BD5
4d9fea3499bdc22aa4da4e339365f215,Sao Paulo Merchant 4D9FEA,5.0,GST-SP-97F3505C
d4e12e7884759a14fa0f5f896c791cae,Sao Paulo Merchant D4E12E,4.62,GST-SP-2368376A
e24fc9fcd865784fb25705606fe3dfe7,Braganca Paulista Merchant E24FC9,4.17,GST-SP-51CFEB48
5882f40daf39bc2a465e0cb453ddc222,Sao Paulo Merchant 5882F4,2.0,GST-SP-259AC826
26e2c91ef821e1ff8985f408788fe35b,Ibitinga Merchant 26E2C9,3.0,GST-SP-8964D3C6
53336f97ddbe53e2a617d07b17447b95,Sao Paulo Merchant 53336F,5.0,GST-SP-19D3C367
fec8cd45395b3cb0c2b173d7739706a1,Jambeiro Merchant FEC8CD,3.75,GST-SP-C97FA96C
e116c7455dd26a4d8c3e92532583905f,Sao Paulo Merchant E116C7,4.0,GST-SP-1BCC8648
900ba814c251a692506d7834c1218441,Salto Merchant 900BA8,4.19,GST-SP-57EAD53E
afe0067131b73e40875c9b6c10bd2e21,Lagoa Da Prata Merchant AFE006,4.2,GST-MG-788E8196
542917da124346b47ea1ac79a93ce454,Curitiba Merchant 542917,4.19,GST-PR-FBB4117D
35b96509602ec4b7da831b5cd73ff2c2,Sao Leopoldo Merchant 35B965,4.5,GST-RS-463D0459
4a23adac87cf538689fa600d976f78b2,Sao Paulo Merchant 4A23AD,4.33,GST-SP-9FF306C7
85cc55e048b6bcc90c75afe7f0e72f72,Barra Mansa Merchant 85CC55,4.44,GST-RJ-84039782
2009a095de2a2a41626f6c6d7722678d,Sao Jose Do Rio Preto Merchant 2009A0,4.38,GST-SP-3E4859B5
3a52d63a8f9daf5a28f3626d7eb9bd28,Aguas Claras Df Merchant 3A52D6,1.0,GST-SP-185A4726
e9b6c33b71b67737693b4cfa68341c8d,Sao Paulo Merchant E9B6C3,4.0,GST-SP-66D4D96B
c458e2045a8aa8964f8879af03fdcce6,Sao Caetano Do Sul Merchant C458E2,2.75,GST-SP-7C5CFA50
6601ee6383e7f452be71929f8de48bbb,Ribeirao Pretp Merchant 6601EE,4.0,GST-SP-A198FBD8
5a4236931428800e9d9cc04af0987118,Sao Paulo Merchant 5A4236,5.0,GST-SP-7F15A213
258447aad3f7b01e2643c89f64dc5647,Cianorte Merchant 258447,5.0,GST-PR-78927B35
8a32e327fe2c1b3511609d81aaf9f042,Sao Paulo Merchant 8A32E3,3.84,GST-SP-06176F4A
0f519b0d2e5eb2227c93dd25038bfc01,Ibitinga Merchant 0F519B,5.0,GST-SP-69B231BE
d7d517afce974cd491b8d52bb5b5b1fc,Sao Paulo Merchant D7D517,4.0,GST-SP-AA6526BF
ec5c1d94df153d473b37f880977ae58e,Rio De Janeiro Merchant EC5C1D,2.0,GST-SP-7CC103DA
31561f325664a8a7aba4c8d0c3a9b3db,Sao Paulo Merchant 31561F,4.64,GST-SP-DD0E117C
70c4eedec9cb4a85cda2f3f9673557b4,Sao Paulo Merchant 70C4EE,5.0,GST-SP-0588F8BD
4fb41dff7c50136976d1a5cf004a42e2,Feira De Santana Merchant 4FB41D,4.0,GST-BA-D894FABE
d23019c84ffae2d5ef2270367b8605fc,Londrina Merchant D23019,4.41,GST-PR-EB35A4FB
ad8ada0ffa993cb1197d102d9ab21a3e,Araguari Merchant AD8ADA,1.0,GST-MG-9D1F21BE
ce20a2ec1514c25e16f2b5b39bc818f0,Sao Paulo Merchant CE20A2,4.75,GST-SP-EDB937A3
0f94588695d71662beec8d883ffacf09,Florianopolis Merchant 0F9458,5.0,GST-SC-2BD5962C
3a79f35a2344ede41af21267f61d5ec6,Campinas Merchant 3A79F3,1.0,GST-SP-0DF126CD
b586cd24c010a13916af621b0325fbba,Rio Do Sul Merchant B586CD,3.83,GST-SC-5680F0EF
2075d8cd4dd63ff12df0749a5866bb06,Curitiba Merchant 2075D8,5.0,GST-PR-3F81F863
0d83f8e03188682112cc0d93523705cc,Porto Alegre Merchant 0D83F8,3.75,GST-RS-991E9996
85044848b1b767db2a4a58526adef4b4,Osasco Merchant 850448,3.25,GST-SP-93FE4A3B
c3251e13f1bbda6c74e37c160f991e19,Porto Ferreira Merchant C3251E,5.0,GST-SP-F7F7C703
4a1f694197d05fe70026b016a7316b41,Pedreira Merchant 4A1F69,4.57,GST-SP-E1B9509F
6ebf4eceee4dd9847201c82e77ef8123,Rio De Janeiro Merchant 6EBF4E,5.0,GST-RJ-A9CEEFF8
0873d9f8f36123f8d910f4760e788cfb,Barueri Merchant 0873D9,3.17,GST-SP-5241E0BF
a44fb5a447105f8469bdf16bf9159f25,Porto Alegre Merchant A44FB5,4.05,GST-RS-8CB3587B
dcf3755cefcdc158ad0b7bdde51e871b,Cachoeira Do Sul Merchant DCF375,4.0,GST-RS-393C850A
4869f7a5dfa277a7dca6462dcf3b52b2,Guariba Merchant 4869F7,4.13,GST-SP-40881C15
6bb66d9870c2e01c05655c7ed0e7ee13,Sao Paulo Merchant 6BB66D,3.67,GST-SP-8C4A95E0
1c5e4e49b9079480255b49d50aac1aa9,Santos Merchant 1C5E4E,4.33,GST-SP-FEF77A3E
6a3139c7bf09ece22a4713d956acbe5e,Sao Sebastiao Da Grama/Sp Merchant 6A3139,5.0,GST-SP-3F4C273D
37515688008a7a40ac93e3b2e4ab203f,Dracena Merchant 375156,4.09,GST-SP-4A4E74A4
8fec2e460530482132c436cfb5439925,Laranjal Paulista Merchant 8FEC2E,4.33,GST-SP-21AEA520
1746c1ae87ac63d530c7c943d0ac42e2,Santana De Parnaiba Merchant 1746C1,5.0,GST-SP-627D281E
afac9f6b0c4e5f0a7ee87e922cd0f873,Bauru Merchant AFAC9F,1.0,GST-SP-66ACD401
3be5841cdcc46de4ed3f9116f104b2c5,Barueri Merchant 3BE584,4.75,GST-SP-507BB6B5
0249d282d911d23cb8b869ab49c99f53,Sao Paulo Merchant 0249D2,4.27,GST-SP-A6438C7D
23ca5f678e0b3ea6c630b30fa8bf51ea,Sao Paulo Merchant 23CA5F,5.0,GST-SP-F8AC27DB
5eeb9c756d9780b96283e5a2ac6da334,Ribeirao Preto Merchant 5EEB9C,4.22,GST-SP-D7ED258F
25be943a321c8938947bdaabca979a90,Sao Bernardo Do Campo Merchant 25BE94,3.0,GST-SP-78105EB2
818d28f936e791926d33bcb6ee94ef79,Sao Paulo Merchant 818D28,4.0,GST-SP-C9A71C9C
bfd938b22bc99bce1ae60dc602889f52,Rio De Janeiro Merchant BFD938,3.83,GST-RJ-14D2CAB4
c12b92bf1c350f3e6bf88d3596219c86,Garca Merchant C12B92,3.88,GST-SP-25E6FECB
97e995629983723d11830a829bc2b246,Lorena Merchant 97E995,4.8,GST-SP-C2B2059F
ffa6adafb71b807dc13159e26431354c,Londrina Merchant FFA6AD,3.78,GST-PR-81D48BF6
080102cd0a76b09e0dcf55fcacc60e05,Belo Horizonte Merchant 080102,4.48,GST-MG-54180DFF
5a6a02f419701fc8c605af71d4fc57a4,Americana Merchant 5A6A02,4.8,GST-SP-BFEE6A69
94b9108d4b637ba65bb4f1e53cfcf8d8,Guarulhos Merchant 94B910,4.43,GST-SP-DF7807D8
0fe2d9733ed841eb064503920015a8c0,Ourinhos Merchant 0FE2D9,4.67,GST-SP-E5CC5900
154bdf805377afea75a3bd158e9eab10,Ibitinga Merchant 154BDF,1.0,GST-SP-D3523B22
b2ac621f0d0322434d04a12b078b9369,Curitiba Merchant B2AC62,4.4,GST-PR-C3F7AD1F
9c54608f0996c32ae4743089d915f845,Loanda Merchant 9C5460,4.0,GST-PR-8C312968
17306570e772e7718c92a562d33f5f1d,Bariri Merchant 173065,3.62,GST-SP-9395BD81
244c2f1bff6afe1f2eaf9bfe9b2aed38,Mogi Das Cruzes Merchant 244C2F,3.68,GST-SP-1395AF03
71039d19d4303bf9054d69e9a9236699,Sao Paulo Merchant 71039D,3.8,GST-SP-5E8ED1A8
54065e9aef7e9e9c2dc23b7594db021a,Rio De Janeiro Merchant 54065E,3.86,GST-RJ-F75E9B5F
7ad41305e96a6cab8294cd65891e9a86,Rio Bonito Merchant 7AD413,5.0,GST-SP-FE9A127E
25e47381a6c510ddeb36084e33b89f0c,Praia Grande Merchant 25E473,4.25,GST-SP-C12590BE
4d6d651bd7684af3fffabd5f08d12e5a,Jau Merchant 4D6D65,4.2,GST-SP-EC57C7AB
24a6daf925d9d591870a66660416de31,Robeirao Preto Merchant 24A6DA,4.5,GST-SP-6CC19421
f0563bacf40c311f1c4d3d6b67b8a7a7,Tubarao Merchant F0563B,1.0,GST-SC-032A31AE
b76dba6c951ab00dc4edf0a1aa88037e,Sao Paulo Merchant B76DBA,4.18,GST-SP-DC7229E0
1bc2e21de46adfea6b98cc96b00f3b40,Joinville Merchant 1BC2E2,3.33,GST-SC-81FF001B
b1204cfda1d4948679db3cfc0d3cb95c,Guarulhos Merchant B1204C,4.0,GST-SP-5F1F3348
b4ffb71f0cb1b1c3d63fad021ecf93e1,Sao Paulo Merchant B4FFB7,4.23,GST-SP-41C548BD
165b1235e9e9942cb5fae67103576fb0,Ribeirao Preto Merchant 165B12,4.36,GST-SP-CB5ABF2C
8eb88b0acb3f90a717ad659221471fa7,Cacador Merchant 8EB88B,4.5,GST-SC-9B48310C
9599519be538b98748162a2b48248960,Sao Paulo Merchant 959951,1.0,GST-SP-6249A284
0417b067eeab773d2f7061a726dc477f,Sao Bento Do Sul Merchant 0417B0,3.92,GST-SC-DB16556F
c26ba52cf8d2f34915f2f6b7ffa0a3f3,Rio De Janeiro Merchant C26BA5,4.0,GST-RJ-B4A268C0
e5cbe890e679490127e9a390b46bbd20,Sao Paulo Merchant E5CBE8,4.5,GST-SP-9C319FAD
974cf2cb8f4b7add98709c30df02fe10,Araraquara Merchant 974CF2,4.06,GST-SP-44A74C05
3c487ae8f8d7542beff5788e2e0aea83,Gama Merchant 3C487A,4.2,GST-DF-B7A2F1DF
4a3ccda38b2129705f3fb522db62ca31,Marilia Merchant 4A3CCD,3.88,GST-SP-36A3E593
876182d1918783bbe15233febfbd4926,Sao Paulo Merchant 876182,4.0,GST-SP-DCCBAB12
33576ec5412fb5905d876f12f33bfde6,Curitiba Merchant 33576E,4.09,GST-PR-1D60C23C
5b85809efd0d0e4dea1a9544e1280ed9,Presidente Prudente Merchant 5B8580,4.25,GST-SP-1E10F8AF
5566627eab3fe93fd6ee08798226101a,Sao Jose Dos Pinhais Merchant 556662,4.4,GST-PR-1F978077
e504a4e2efaa45cbff7e268a2c58c956,Sao Pedro Merchant E504A4,3.55,GST-SP-693F62EC
056b4ada5bbc2c50cc7842547dda6b51,Queimados Merchant 056B4A,4.17,GST-RJ-78AABD93
1e483cc5c76fef08d3ca05f9a8af7d01,Sao Paulo Merchant 1E483C,4.1,GST-SP-E9498EEF
9b1050e85becf3ae99c1cf4934c9bc5d,Montes Claros Merchant 9B1050,2.5,GST-MG-D68D7BD7
b248792ac0b60ec3f93d80af1b4fae47,Sao Caetano Do Sul Merchant B24879,3.86,GST-SP-3D85DE4D
34056b8b55c1775a22af2331670a799c,Penapolis Merchant 34056B,4.0,GST-SP-F57A1989
21d59342ba150175ca2aa4f8faddeca6,Itaquaquecetuba Merchant 21D593,4.5,GST-SP-4B228F19
23c38debaffe4a25a30fdbd9b586a13f,Votorantim Merchant 23C38D,4.32,GST-SP-CB02A24C
d9c349beabc06aa6ff1c6d68b5e9e22e,Sao Paulo Merchant D9C349,5.0,GST-SP-6E493445
49f8d2ea7b718d0ce587d34207caf2b4,Sao Bernardo Do Campo Merchant 49F8D2,5.0,GST-SP-E2FA0B11
bd1d49a326abfa9b1036772e40445430,Bauru Merchant BD1D49,4.08,GST-SP-2EFDD254
6861de0f40cacb0602e473c51639f980,Curitiba Merchant 6861DE,3.6,GST-PR-32F1CD3A
c9c7905cffc4ef9ff9f113554423e671,Itapecerica Da Serra Merchant C9C790,4.15,GST-SP-2BBD9D37
aa17b35ce4de7b565be3249ba838944f,Jundiai Merchant AA17B3,4.5,GST-SP-01442FBE
0887a9f087bcd5d9f6642b52f897fc6c,Cananeia Merchant 0887A9,4.42,GST-SP-1A3AB0AA
abc015ebac1d283a323ca9db35ede4b9,Ribeirao Preto Merchant ABC015,4.42,GST-SP-875934CE
00720abe85ba0859807595bbf045a33b,Guarulhos Merchant 00720A,3.62,GST-SP-20C6A60F
75d34ebb1bd0bd7dde40dd507b8169c3,Salvador Merchant 75D34E,3.74,GST-BA-C05F67A0
e5e33c0d8e7e002f398f5dc4cbbb338f,Bauru Merchant E5E33C,4.32,GST-SP-AEE6F18C
8f54d64f28a993550aa7943f12572959,Ipatinga Merchant 8F54D6,3.73,GST-MG-A9987ACE
91f5779a8731baca4809fdeade81803f,Barra Mansa Merchant 91F577,3.83,GST-RJ-49F52F26
13074f016982ff2bd6c58ced8682f000,Bento Goncalves Merchant 13074F,3.93,GST-RS-2A151B05
bec568278124768c474ee90971ca94d1,Sao Paulo Merchant BEC568,4.5,GST-SP-67631A9C
534a01cc6df1e034e05c32028a291fa2,Jundiai Merchant 534A01,4.4,GST-SP-9ABFA04A
cd3d09fbe6e3e9ff0c0ac0c300e93ae7,Nova Odessa Merchant CD3D09,4.17,GST-SP-B6456609
57e632711dec9ec14ca7546769483e7e,Navegantes Merchant 57E632,4.4,GST-SC-D4AF9E2E
cb3dd9ce66268c7a3ca7241ac70ab58c,Sao Paulo Merchant CB3DD9,4.17,GST-SP-978E8D15
094ced053e257ae8cae57205592d6712,Ribeirao Preto Merchant 094CED,4.05,GST-SP-2ED31D35
9906e7aa42a3c067b7c9a564d01c4320,Maringa Merchant 9906E7,4.5,GST-PR-F1887E45
1f1bb1f0859883505541bdd6606193e5,Sao Paulo Merchant 1F1BB1,4.33,GST-SP-5B8F473A
4200ddf1967c5e41e48db62bc6d4b5ac,Sao Bernardo Do Campo Merchant 4200DD,4.26,GST-SP-D29F0274
ed9eef5be0992d413d251fadba1a410d,Mogi Guacu Merchant ED9EEF,4.67,GST-SP-ABBBA436
139157dd4daa45c25b0807ffff348363,Sao Paulo Merchant 139157,4.0,GST-SP-B72BFF9E
c1849d4d32d7a6cecd5aa471809d3135,Santo Andre Merchant C1849D,4.33,GST-SP-70B8FDA3
64b87978a11c1ea7501a89eabe8c2c1a,Presidente Bernardes Merchant 64B879,2.0,GST-SP-6ED59F7D
33ab10be054370c254ddfcf0a6253422,Rio De Janeiro Merchant 33AB10,5.0,GST-RJ-F0077FFA
bff9deb0ec77d437f3305a79cf25529e,Limeira Merchant BFF9DE,4.0,GST-SP-6A4C71E7
3fefda3299e6dfaea3466ef346a3571a,Curitiba Merchant 3FEFDA,4.0,GST-PR-F8F18DF2
236585a4ddb5fea9fa40233e2249ed91,Caxias Do Sul Merchant 236585,4.09,GST-RS-EB7E908E
499ec63c58e51296c9cf57edcfe1c8a8,Sao Paulo Merchant 499EC6,4.8,GST-SP-6EEDA21C
6f83d9e4da896daae20b9b6b2d3ff8d2,Pinhalao Merchant 6F83D9,4.36,GST-PR-16CF0A48
35ef5aa32949680f627efec3c23e705c,Sombrio Merchant 35EF5A,3.75,GST-SC-0AA42E8D
403aa86912527d730337ffcb0fb096ab,Belo Horizonte Merchant 403AA8,4.0,GST-MG-55D03DF4
ec8463980a4e0ea9f8517aea1ed0c419,Florianopolis Merchant EC8463,5.0,GST-SC-0058CFC4
c847e075301870dd144a116762eaff9a,Uberaba Merchant C847E0,4.17,GST-MG-C242BC1D
6c77cd583b36a13aacccf2b3ee23e233,Marilia Merchant 6C77CD,5.0,GST-SP-01E3C937
5ef131ac72773e5b3f6c0d63cf424657,Ribeirao Preto Merchant 5EF131,4.1,GST-SP-B9BF8832
6cf476a4ca74498db55cbccdaa9dcfb6,Sao Paulo Merchant 6CF476,3.0,GST-SP-52BFF6B0
c447f8dd3ed213f291d65ef074a268eb,Assis Merchant C447F8,3.71,GST-SP-D3CE68ED
4736e9d642ef4257cd7622516931eb51,Piracicaba Merchant 4736E9,4.18,GST-SP-9E54E7C1
a5cba26a62b8b4d0145b68b841e62e7f,Campo Mourao Merchant A5CBA2,4.52,GST-PR-30C111BA
a1bea9970d8f65b240555f99c2214f7f,Pinhais Merchant A1BEA9,3.0,GST-PR-05CD16D0
1025f0e2d44d7041d6cf58b6550e0bfa,Sao Paulo Merchant 1025F0,3.99,GST-SP-11E88B32
a5dd1946fb63ada8bcaa0c9cd8f11e22,Caruaru Merchant A5DD19,3.83,GST-PE-946BA751
c5f7feb04a6a1fb3596322bfc3cf1917,Sao Caetano Do Sul Merchant C5F7FE,4.27,GST-SP-F0AC45D9
c3e1abd72a42fe690fcd89cf5720fe29,Mogi Guacu Merchant C3E1AB,4.46,GST-SP-51CA6220
891071be6ba827b591264c90c2ae8a63,Sao Paulo Merchant 891071,3.78,GST-SP-E953A04B
491a5ada3aa1678414e990262c4bbdc1,Sao Paulo Merchant 491A5A,3.0,GST-SP-196F066A
84deb808079d1be601c209c1e771b1cc,Curitiba Merchant 84DEB8,5.0,GST-PR-202D15C8
dd58ee93286b0821565574c570e9e1dc,Curitiba Merchant DD58EE,5.0,GST-PR-D6417F73
9558aa23f77a9e0a0eca83540999f43b,Apucarana Merchant 9558AA,3.0,GST-PR-D6725821
3c4e0452bff7a2a788179488d3d77032,Colombo Merchant 3C4E04,3.84,GST-PR-E5BF17DF
ca5832c6960267b71041f74bb39e8b12,Xanxere Merchant CA5832,1.0,GST-SC-FB2ABB2F
668bf321538e5072858eaef6087ce027,Pinhais Merchant 668BF3,5.0,GST-PR-D7D1912D
01266d4c46afa519678d16a8b683d325,Curitiba Merchant 01266D,5.0,GST-PR-4C5DFBD1
6c99c983ce3b6ba0ab813e6790e81691,Uberlandia Merchant 6C99C9,3.78,GST-MG-DD35C10E
6aa3928696eab49a19a466e665a649fd,Nova Iguacu Merchant 6AA392,4.61,GST-RJ-E35C5FBF
7d81e74a4755b552267cd5e081563028,Sao Paulo Merchant 7D81E7,4.0,GST-SP-F252908A
f8d5c7085db9a4ad2b8c1ffbeb2798c8,Sao Paulo Merchant F8D5C7,5.0,GST-SP-6E7C7C15
7586919161935337bf6b6d7ff5779648,Rio De Janeiro Merchant 758691,3.82,GST-RJ-4270C152
47f55702f598c7c6cc8458b0fbc1c49a,Dores De Campos Merchant 47F557,5.0,GST-MG-ADB8F260
50a7e551a7b3f8d37cd6e32d8bfbe5ea,Sao Caetano Do Sul Merchant 50A7E5,5.0,GST-SP-54D60098
ea1776927851da2532aa70d6a32c095a,Sao Paulo Merchant EA1776,2.67,GST-SP-4F591022
827f8f69dfa529c561901c4f2e0f332f,Curitiba Merchant 827F8F,4.28,GST-PR-D78D8D1C
60ad151920c4f6f3ebbe8cfdf6166779,Carapicuiba Merchant 60AD15,1.0,GST-SP-74325836
59fb871bf6f4522a87ba567b42dafecf,Sao Paulo Merchant 59FB87,4.24,GST-SP-C5291A6A
fa74b2f3287d296e9fbd2cc80f2d1cf1,Presidente Prudente Merchant FA74B2,2.36,GST-SP-7966EB24
52454f90d4c30c016768db02f88c1a74,Campinas Merchant 52454F,3.67,GST-SP-66AA4F1A
a1043bafd471dff536d0c462352beb48,Ilicinea Merchant A1043B,4.22,GST-MG-6DAD3254
3338e7a0710a195872be80e0d2423867,Piracicaba Merchant 3338E7,1.0,GST-SP-98EF038B
8378eb36b6b70c5734e83ad7b8cdc3b7,Itajai Merchant 8378EB,3.86,GST-SC-E59A9F4E
f7df46c1e0ec44eed5c6726478da4a17,Novo Hamburgo Merchant F7DF46,1.0,GST-RS-02D49331
3fac58ce0ad699020c7944d53c41329c,Sao Paulo Merchant 3FAC58,4.4,GST-SP-3A6D8455
debe6615cd90cc0c2eac2b8988e1f628,Sao Paulo Merchant DEBE66,4.6,GST-SP-0CEB2578
baa49d93c8c8841e27400a300f5d74b2,Sao Jose Merchant BAA49D,4.5,GST-SC-EEC97F8D
5ca5d579b5857ee8709479b1047cecc3,Sao Paulo Merchant 5CA5D5,1.0,GST-SP-BF493219
3b872fd4747f01cc56206f2934198618,Ibitinga Merchant 3B872F,3.88,GST-SP-4D2C61DF
a4fc6eadaff1576af888509a53420f6a,Sao Caetano Do Sul Merchant A4FC6E,3.0,GST-SP-1BFC4515
7402d13c03a7e91366337cd1de471144,Cambe Merchant 7402D1,3.5,GST-PR-BCCE3AC2
6e4a902d1054e4e17aa6eab87fac1c75,Sorocaba Merchant 6E4A90,4.14,GST-SP-9E13F581
ff82e8873fba613f2261a9acc896fd84,Itabira Merchant FF82E8,3.5,GST-MG-D06EFF69
92eb0f42c21942b6552362b9b114707d,Sao Paulo Merchant 92EB0F,3.99,GST-SP-CC02CFC9
f125f3a310c2e5f822d116147de1e474,Sao Paulo Merchant F125F3,4.19,GST-SP-B60698A9
72146da5774cabf2632faedcae097a76,Marechal Candido Rondon Merchant 72146D,4.0,GST-PR-FC7097DE
b9c0ffa92f3ff9a5a3d45ef7213c0842,Sao Paulo Merchant B9C0FF,5.0,GST-SP-D8164611
1d139e3a3b14025640d8df1b230aace0,Barrinha Merchant 1D139E,3.5,GST-SP-ED348228
883dd81e82754ac2c65e9790a7db8c9a,Curitiba Merchant 883DD8,4.4,GST-PR-2F272E21
09883d9ab71c8fe8a9bfc7fc3075b07e,Sao Paulo Merchant 09883D,3.4,GST-SP-5492C122
2f1e7b90e01d9f086cbcb301c0c3d406,Blumenau Merchant 2F1E7B,5.0,GST-SC-42C409E5
6bbcb8924baf70b7fe2fe2097e8cd407,Blumenau Merchant 6BBCB8,4.5,GST-SC-CEBB2663
8e4f041ff58e7845456d3482524014b3,Porto Alegre Merchant 8E4F04,3.0,GST-RS-F17225AF
0ec28cec4046a4a199b6de9b4c891d97,Goiania Merchant 0EC28C,5.0,GST-GO-F030D3C9
5debea795b07621e1f90532e18f96145,Apucarana Merchant 5DEBEA,4.36,GST-PR-2DF6956C
2709af9587499e95e803a6498a5a56e9,Sao Paulo Merchant 2709AF,3.84,GST-SP-EDAB5DAD
bd43e172d599bed47a85da877172ca8c,Sao Bento Do Sul Merchant BD43E1,5.0,GST-SC-DE3CFCFF
725c32fa80c2faacc4fc88450d27314e,Sao Paulo Merchant 725C32,4.52,GST-SP-4714C9D1
850913d59ce317156b00f3705f1c3edb,Atibaia Merchant 850913,3.44,GST-SP-7616EEEF
7354220fb240bde543b3c40c060d41e7,Brasilia Merchant 735422,4.57,GST-DF-9D0410D2
e8b3a3a38279a82f0e5d006d5e5b7d2c,Jussara Merchant E8B3A3,3.81,GST-PR-44B7D0F8
b17b679f4f5ce2e03ce6968c62648246,Ribeirao Preto Merchant B17B67,3.71,GST-SP-F0CE5902
43a1d4bab73b816e44ef4e4facd9f9b5,Maringa Merchant 43A1D4,4.0,GST-PR-10AF7952
dd264199fc8b687ad029de7de6d760e6,Cascavel Merchant DD2641,5.0,GST-PR-2B3DBB55
67225bff54a172ff67579aaf583efd78,Marechal Candido Rondon Merchant 67225B,4.5,GST-PA-94ED99A1
baeda7047354773262ba2405f97038ba,Americana Merchant BAEDA7,5.0,GST-SP-82426A73
167fd940acebc789debd6eb418c46e38,Franca Merchant 167FD9,3.0,GST-SP-DF403870
4ef4c39cf3c24f326434cf0b2e48046a,Sao Paulo Merchant 4EF4C3,3.38,GST-SP-A1CBF996
ce616e1913288884e7742faac9d981db,Cotia Merchant CE616E,4.47,GST-SP-F0760417
a1474fd46fd3430168f7ec202da39408,Pinhais Merchant A1474F,4.33,GST-SP-B0BB8C07
1b61fb1f0f2185d89e9a126c498e9cc7,Maringa Merchant 1B61FB,5.0,GST-PR-2590F391
2ff6b7bff164ef05590a52734e1296da,Londrina Merchant 2FF6B7,4.71,GST-PR-ABDEEEC3
e4253cef933647000a82ff39c67b7bde,Sao Paulo Merchant E4253C,2.0,GST-SP-5263A022
3a3c180dd702a725bd0ba4117689239e,Uniao Da Vitoria Merchant 3A3C18,4.0,GST-PR-A90B7A3E
bce6a5ecf98e99fd2a8868b15c51f04b,Guarulhos Merchant BCE6A5,4.07,GST-SP-77B27FEF
ea65d8b58316a6f2362f2a9e4b3e86ad,Campinas Merchant EA65D8,4.0,GST-SP-562BEEA9
686886775c8f6b1191c7b953fb52708c,Pedreira Merchant 686886,5.0,GST-SP-4675A259
0a85ebe4e328db81ac9109781205e2f7,Jundiai Merchant 0A85EB,4.58,GST-SP-1743BB9E
1660ad786c27fd935378b6192a90b417,Sao Bernardo Do Campo Merchant 1660AD,4.58,GST-SP-A3581BD9
0db783cfcd3b73998abc6e10e59a102f,Santos Merchant 0DB783,4.21,GST-SP-403C8A0C
52f9db5cfb423382a2fa5c9e39303202,Echapora Merchant 52F9DB,4.14,GST-SP-E3D0A49D
f307937c1bb287c3efc2a514b94b0d1d,Araxa Merchant F30793,5.0,GST-MG-EA09139E
e88f7a2995ba184710d339c5c4bf2e30,Votuporanga Merchant E88F7A,5.0,GST-SP-70EC7F34
b76a1f8356322f12529c37b67d5c96c2,Santos Merchant B76A1F,4.8,GST-SP-1148CFD3
4aba6a02a788d3ec81c03137144d9a80,Canoinhas Merchant 4ABA6A,5.0,GST-SC-E64B556F
9449f25aeaf531019b76999ea49a6949,Rio De Janeiro Merchant 9449F2,4.0,GST-RJ-BFCA77DC
431af27f296bc6519d890aa5a05fdb11,Ribeirao Preto Merchant 431AF2,3.79,GST-SP-6E6CADAA
53088c75f948b48a7ece173ac17f0c12,Triunfo Merchant 53088C,5.0,GST-RS-4732EDBC
0f80a40c312b2472dca482cf50f5186f,Lencois Paulista Merchant 0F80A4,3.0,GST-SP-5024C80B
544863df86ed3b78a04e0820d41430ee,Serra Merchant 544863,5.0,GST-ES-0673C82A
78ef7e885d17f35e2382a47aae8b8cce,Santa Cruz Do Sul Merchant 78EF7E,4.67,GST-RS-2A6B373B
0be8ff43f22e456b4e0371b2245e4d01,Sao Paulo Merchant 0BE8FF,3.95,GST-SP-0C872CAB
1835b56ce799e6a4dc4eddc053f04066,Ibitinga Merchant 1835B5,3.64,GST-SP-28EE3BF4
2e13c71026e1a39ba5cc1b86dcb679aa,Sao Paulo Merchant 2E13C7,4.38,GST-SP-198282BB
0af2ab31141893d26aca5a404a537dab,Sao Paulo Merchant 0AF2AB,5.0,GST-SP-4FF8B0C8
13d058e4eeac2ce8217660b2f8a05812,Osasco Merchant 13D058,4.22,GST-SP-B073EA9D
e00d85ce20ea50c1224c66ca5050527d,Osasco Merchant E00D85,4.0,GST-SP-9C4C3B35
e48b04bf1aa1ef711caebeb7aede6180,Curitiba Merchant E48B04,4.48,GST-PR-671423FF
f67efa3f0b6761102a7f8c6b7b571f5d,Curitiba Merchant F67EFA,4.48,GST-PR-02DFF5E3
c273175f7c6c80fb02f051e2fc6d0d72,Sao Paulo Merchant C27317,3.79,GST-SP-833EF874
382229d1e840115ffe3dbf5ff460e417,Rio De Janeiro Merchant 382229,4.22,GST-RJ-47873247
f09b760d23495ac9a7e00d29b769007c,Catanduva Merchant F09B76,4.0,GST-SP-5C7E9F61
5c243662ce92d84573bfaff24c3e3700,Sao Paulo Merchant 5C2436,4.14,GST-SP-513890AB
38874e327ce94d11390b96eb42d61928,Itaquaquecetuba Merchant 38874E,4.0,GST-SP-3E0FC22F
ab3e0c171fe84a7ba7de130f19cfb485,Colorado Merchant AB3E0C,3.57,GST-PR-FB8B03E4
85e7c62c1d6ea078c3897424f867a7c8,Itapema Merchant 85E7C6,4.5,GST-SC-A8CB54F7
262237171f48e85819065498cac80d7b,Brusque Merchant 262237,4.25,GST-SC-35C45409
fd386aa7bed2af3c7035c65506c9b4a3,Sao Paulo Merchant FD386A,4.35,GST-SP-74DE506B
b2f4d63c7203f539a78252565ca32257,Armacao Dos Buzios Merchant B2F4D6,5.0,GST-RJ-1F655954
dd5450b022b2d00a2145a66331e1aef6,Joinville Merchant DD5450,5.0,GST-SC-B781CCF7
ff4e2d38692ce827b1a4f4b8196e680d,Sao Paulo Merchant FF4E2D,4.27,GST-SP-A6A935E3
7963e546f34e098b578f9ad102494601,Sao Paulo Merchant 7963E5,5.0,GST-SP-C554BFA7
1588ac4010787100dddef64568f0ae35,Maringa Merchant 1588AC,3.0,GST-PR-7D47DC51
41c2bad7229b0c25e6becf179ebf63ff,Natal Merchant 41C2BA,4.95,GST-RN-FE301BB8
8b655f0855926bcb49f5835d38dfddf6,Osasco Merchant 8B655F,4.8,GST-SP-7A6494BC
a213f1bd6458f4a158f3746cb2514559,Maringa Merchant A213F1,5.0,GST-PR-D85CCCE0
1b7e5006cb25dd23ce8686691013b121,Sao Paulo Merchant 1B7E50,4.36,GST-SP-56A1272C
4559697a8f7e637227c2eeaed843baff,Presidente Prudente Merchant 455969,4.07,GST-SP-8EE7A789
4867209cb29b56b92893d7bde3ce8012,Jau Merchant 486720,4.0,GST-SP-67AA0B54
19a7c9f66ffa6452ff4b4c0cca71da27,Itaipulandia Merchant 19A7C9,5.0,GST-PR-F9D613EB
6fa9202c10491e472dffd59a3e82b2a3,Sorocaba Merchant 6FA920,4.33,GST-SP-8ED575EB
20d53aad4fe5ee93a64f8839609d3586,Santa Rita Do Sapucai Merchant 20D53A,2.5,GST-MG-9F3D0CA5
42fa4ee7240e9b8eb4576358ec142ba7,Caxias Do Sul Merchant 42FA4E,4.81,GST-RS-F87B7B0E
c8660dcf9ba70575f45d80fe28c27713,Sao Paulo Merchant C8660D,4.5,GST-SP-EB492A13
253c025bab43881055aeecde5e2d8b77,Curitiba Merchant 253C02,4.5,GST-PR-E7E21DF6
7ecd59e5e20407131822c1a68ac59c1f,Brasilia Merchant 7ECD59,4.42,GST-DF-79ECF1A0
c026ef0d72e9132d9fa112308090c8dc,Rio De Janeiro Merchant C026EF,4.0,GST-RJ-C481D4D4
0b09101900100c0e9d312861fad5a1b9,Sao Paulo Merchant 0B0910,4.0,GST-SP-AD0D86EB
e8f6dc8e6a1dcde89d20e3995c8d90b3,Sao Paulo Merchant E8F6DC,3.92,GST-SP-B727CCAF
128f9bfbe4c7d5185033914b1de3d39a,Atibaia Merchant 128F9B,4.71,GST-SP-64FC89E7
a09a13f18ed27932d08438aa6f12756e,Sapiranga Merchant A09A13,3.0,GST-RS-6E5F433E
81a1104df0f08b59c68aa5b03cfe398e,Sao Jose Dos Pinhais Merchant 81A110,4.27,GST-PR-EAE59DC6
3f84fefc07dc159b268d4a77d3e8c425,Fazenda Rio Grande Merchant 3F84FE,5.0,GST-PR-64E3D817
750303a20e9c56b2a6bc45cdce0b897d,Goiania Merchant 750303,4.24,GST-GO-7269E175
f8db351d8c4c4c22c6835c19a46f01b0,Salto Merchant F8DB35,4.24,GST-SP-08308585
0743a0239d764b9a0f959a57d07e36ab,Sao Paulo Merchant 0743A0,4.75,GST-SP-80F41CF4
131fcb0a0c9a47bba4474aacff0f14b7,Sao Paulo Merchant 131FCB,4.0,GST-SP-54563641
1838dd9b8977065acf51d95e0053ea7a,Belo Horizonte Merchant 1838DD,4.27,GST-MG-FC7759E3
1b8b75e227c9a9c100d0c210fb6176ce,Sao Paulo Merchant 1B8B75,3.37,GST-SP-9F96976C
eb1bf309f4f6af9a97e9ddac3fdbeabe,Diadema Merchant EB1BF3,5.0,GST-SP-7DCF8E04
5d378b73ab7dd6f0418d743e5dcb0bd1,Sao Paulo Merchant 5D378B,3.86,GST-SP-8F7DC2EB
39d54ff918774174706fb065d7f9dc07,Sao Paulo Merchant 39D54F,3.91,GST-SP-6777D0F4
353e21e8bf8de2722b4fae1636664b76,Canoas Merchant 353E21,2.5,GST-RS-B6B782CF
5b33b527da3c5b969cc99dc435cad09a,Paranavai Merchant 5B33B5,4.12,GST-PR-9C67D414
c9d2ba8dde44a275ae06475ed1d2fafc,Uberlandia Merchant C9D2BA,5.0,GST-MG-2C8044EF
d149de2f383552baea37a7198c2296ce,Sao Paulo Merchant D149DE,5.0,GST-SP-F72E36BF
bf961104a38e01b9062ee026bb657dee,Ribeirao Preto Merchant BF9611,4.5,GST-SP-70771A9C
1ca7077d890b907f89be8c954a02686a,Santana De Parnaiba Merchant 1CA707,2.33,GST-SP-A7E834F3
89a51f50b8095ea78d5768f34c13a76f,Brasilia Merchant 89A51F,4.7,GST-DF-E7C122A1
3a490ba60afa30ece0e7d50cfe74a4f0,Belo Horizonte Merchant 3A490B,4.62,GST-MG-19631096
455f46ef09a9e45667e2981df84b5cc2,Sorocaba Merchant 455F46,2.5,GST-SP-93C627E1
651fe66032c9520ee5587f694908040d,Alvorada Merchant 651FE6,4.0,GST-RS-15ADABB2
6d04126aba80df143fd038e711b8fd96,Rio De Janeiro Merchant 6D0412,1.0,GST-RJ-F3732CFD
3febca52652e7209509ccfe61cbde40e,Itaquaquecetuba Merchant 3FEBCA,2.0,GST-SP-AFE50A66
d566c37fa119d5e66c4e9052e83ee4ea,Sao Paulo Merchant D566C3,4.69,GST-SP-AA5A9815
62d977e2b2aee830de3e039a28490d12,Curitiba Merchant 62D977,1.0,GST-PR-C076B2DA
010543a62bd80aa422851e79a3bc7540,Sao Paulo Merchant 010543,4.5,GST-SP-8E05A4F7
7178e1eaa97257d8b6d4b80efd77a025,Tatui Merchant 7178E1,5.0,GST-SP-0C31C88F
2199e7fe213c16213bf5d6a7eadc9a5d,Registro Merchant 2199E7,4.24,GST-SP-0CEA7E7C
984c273121e743dd14767befe6cb17f5,Americana Merchant 984C27,1.0,GST-SP-0DD021D2
2b3e4a2a3ea8e01938cabda2a3e5cc79,Sao Paulo Merchant 2B3E4A,4.37,GST-SP-B95C81C9
feb793c88d836c3a75efa4b5a3465d70,Sao Paulo Merchant FEB793,5.0,GST-SP-1E249369
e333046ce6517bd8bb510291d44f0130,Ipaussu Merchant E33304,4.34,GST-SP-D53EA0EB
5a413ade68e8f8d93071a7f52a64cb9e,Sao Paulo Merchant 5A413A,4.64,GST-SP-12776ADF
5a425cc503b39b262a847fd6212bf53b,Londrina Merchant 5A425C,4.21,GST-PR-649A2B22
9535a841eecebed61a9fb1ac1cbb5597,Sao Paulo Merchant 9535A8,3.0,GST-SP-306DE601
8f78f0903005064036736c7173a5c2ed,Tiradentes Merchant 8F78F0,3.77,GST-MG-A5BB3B0F
9803a40e82e45418ab7fb84091af5231,Rio Verde Merchant 9803A4,3.73,GST-GO-6F1B794D
43b2c864251aa0ce4030c746984e088a,Brasilia Merchant 43B2C8,3.0,GST-DF-2ABFA66F
83e197e95a1bbabc8c75e883ed016c47,Mage Merchant 83E197,4.81,GST-RJ-1CD0C23F
17908cf9b444ee34047cadd5c0f4a516,Anapolis Merchant 17908C,4.55,GST-GO-C2F9B6BF
17eea220a40cc0d2c0c5346379682398,Sao Paulo Merchant 17EEA2,3.75,GST-SP-88458887
270297ead4c65a6cd2593960d2af6b21,Sao Paulo Merchant 270297,3.82,GST-SP-6C3DE01A
5f0057b677eb963672bf05dfa3f16c34,Sao Paulo Merchant 5F0057,4.2,GST-SP-E210BBA5
8185694b58b2ba6de20fd41ae608bbea,Tabao Da Serra Merchant 818569,4.5,GST-SP-B1DEB658
17f51e7198701186712e53a39c564617,Sao Paulo Merchant 17F51E,4.34,GST-SP-ABBC3958
2addf05f476d0637864454e93ba673d5,Brasilia Merchant 2ADDF0,5.0,GST-DF-26529CAC
b67d6c666e8dce1d078c882825e12704,Sao Paulo Merchant B67D6C,4.86,GST-SP-FD9431B0
ead2bab70821ea148476ae9bc08548ac,Belo Horizonte Merchant EAD2BA,4.3,GST-MG-231FC3F8
fa14641f57b655e933124a9ea49cd7a5,Sao Paulo Merchant FA1464,4.57,GST-SP-E9F21EFE
d1582f4043306e6b91afa6a8a884f898,Sao Paulo Merchant D1582F,4.11,GST-SP-490E45ED
d263fa444c1504a75cbca5cc465f592a,Americana Merchant D263FA,5.0,GST-SP-92457443
f35b3c613c4f7b2275f4185d0a3c59ec,Sao Paulo Merchant F35B3C,4.56,GST-SP-62024CA8
655220df33262c7e0c4949a147366f94,Diadema Merchant 655220,4.08,GST-SP-1AACA734
ad8b531ae67582f096925cff5630d0d1,Castro Merchant AD8B53,3.0,GST-PR-DE482CC6
499185655c29ecfdbfe776ef7cf875b5,Porto Alegre Merchant 499185,4.0,GST-RS-791F5288
44f091b5abab8018f682fce8124b85e5,Sao Paulo Merchant 44F091,2.5,GST-SP-2F6EC0C9
7210cd29727d674c00741e5e387b3ccd,Sao Paulo Merchant 7210CD,4.44,GST-SP-14BA9E46
f4ce8ca9fa7157e3b33f536ac9a4487d,Penapolis Merchant F4CE8C,4.75,GST-SP-12C4AAD0
0570350b23eda5444f8d1d9544932058,Sao Paulo Merchant 057035,5.0,GST-SP-F58EB925
de9727ca376d1be6ec121b110aa7954c,Sarandi Merchant DE9727,3.8,GST-PR-FE802BAA
d3891911c2feae53c52fea2bd14054e5,Sao Paulo Merchant D38919,5.0,GST-SP-E713601C
70a12e78e608ac31179aea7f8422044b,Jacarei Merchant 70A12E,3.8,GST-SP-7CD5F09A
2eeb6531ee027a48d401e72bebdd87d3,Sao Jose Dos Campos Merchant 2EEB65,4.33,GST-SP-F3FD0CAB
c1ed9e3daf6154542826a6996af0fb8c,Itajai Merchant C1ED9E,3.89,GST-SC-F5CEF768
d101c6da914ae3d53f7bee42283f2fe2,Sao Paulo Merchant D101C6,3.71,GST-SP-1B1C9F32
a00824eb9093d40e589b940ec45c4eb0,Bofete Merchant A00824,4.67,GST-SP-1D658C22
0015a82c2db000af6aaaf3ae2ecb0532,Santo Andre Merchant 0015A8,3.67,GST-SP-38F9CC9D
808d4348b916efa08e766ebad39f61eb,Sao Paulo Merchant 808D43,4.43,GST-SP-69607E72
fb3cfbc8a86f5d7fbb4d36b8df63f60d,Rio De Janeiro Merchant FB3CFB,4.2,GST-RJ-D32A1238
80ceebb4ee9b31afb6c6a916a574a1e2,Londrina Merchant 80CEEB,5.0,GST-PR-805D40F4
2d2c62bef4c8ba0dd74e0e228e808539,Ribeirao Preto Merchant 2D2C62,4.12,GST-SP-C814F5C1
7c51de0ab286204ce75ff42bf7c10d92,Picarras Merchant 7C51DE,4.5,GST-SC-3AE0F788
c1d1ebb4745cc43cb6f05e9c8a705c9a,Sao Paulo Merchant C1D1EB,2.33,GST-SP-92DA407F
8def3db7f272735afb2ecd03aeca09a7,Rio De Janeiro Merchant 8DEF3D,5.0,GST-RJ-B22998BC
ff063b022a9a0aab91bad2c9088760b7,Santo Andre Merchant FF063B,4.31,GST-SP-AFF11EC6
82bd0703a4aefd6b599e5bfdaed378fb,Marilia Merchant 82BD07,3.77,GST-SP-E5E64C6D
7fe21dd00d2f4943ae09525efa2fd674,Rio De Janeiro Merchant 7FE21D,3.0,GST-RJ-BC7CA501
7ab0dd5487bab2dc835337b244f689fb,Sao Jose Do Rio Preto Merchant 7AB0DD,5.0,GST-SP-8C969D40
12a8eb0f8d1cd3270695bf2a99f55966,Sao Paulo Merchant 12A8EB,3.5,GST-SP-6FD6C59B
beadbee30901a7f61d031b6b686095ad,Guarulhos Merchant BEADBE,3.91,GST-SP-E6C8597F
bc39d8938f90a3a2b98193723ed59774,Cajamar Merchant BC39D8,4.0,GST-SP-705B431E
fd312b6bf05efac6c3772d5b52205d8a,Votorantim Merchant FD312B,5.0,GST-SP-7411B0AE
df683dfda87bf71ac3fc63063fba369d,Farroupilha Merchant DF683D,1.0,GST-RS-F3947781
25cf099de44674fde97473224f9d59ab,Cotia Merchant 25CF09,4.33,GST-SP-DE50C8ED
7139dc5186aa238b006e066d8fbab2e4,Amparo Merchant 7139DC,4.0,GST-SP-ED028492
d94a40fd42351c259927028d163af842,Baependi Merchant D94A40,4.18,GST-MG-B6D55B0F
406740ee611378a662d274c7d8c43c4a,Vitoria Merchant 406740,4.38,GST-ES-702D0304
6bd503a8230299c9316fb0f726933927,Morrinhos Merchant 6BD503,4.75,GST-GO-82A5FFBA
6576fd3e23c88f0e5d4d23f39bba0542,Taboao Da Serra Merchant 6576FD,1.0,GST-SP-DCDEC87A
0885aaf116795758dfeb5f1032487bcd,Ferraz De Vasconcelos Merchant 0885AA,4.21,GST-SP-CADA9AC1
6288c69c4ce638e59925e59193f98b16,Santo Andre Merchant 6288C6,3.95,GST-SP-FD41FB0D
dfc5fb7259bb2b599ca565e6e9448f0f,Sao Bernardo Do Campo Merchant DFC5FB,4.12,GST-SP-FD2E4C3F
41958cbd3335433c8740300e8cd600d5,Sao Paulo Merchant 41958C,5.0,GST-SP-890F9806
3a3e46d10f74d8a6ca76e2b538f106a0,Sao Paulo Merchant 3A3E46,3.33,GST-SP-081C44A1
2d2322d842118867781fc737e96d59a1,Sao Paulo Merchant 2D2322,4.88,GST-SP-9DEDFFF3
e4fc40017a6d22c46a14ac2e17f87c3e,Arapongas Merchant E4FC40,2.33,GST-PR-2126AE64
5a9b3bcab695173c820e53934574ae80,Salto Merchant 5A9B3B,5.0,GST-SP-8E65DE28
2bf6a2c1e71bbd29a4ad64e6d3c3629f,Nova Friburgo Merchant 2BF6A2,4.17,GST-RJ-81C5ED09
7c4618c82226628831613e95e9c22f44,Sao Roque Merchant 7C4618,4.08,GST-SP-44EAF39D
06579cb253ecd5a3a12a9e6eb6bf8f47,Sao Paulo - Sp Merchant 06579C,4.08,GST-SP-4FFF0860
8ab42aa58097fd4668d60cc648225d5f,Goiania Merchant 8AB42A,4.2,GST-GO-9188ABE2
4978a02ea9c8be7a9b5480680f40334e,Sao Paulo Merchant 4978A0,3.56,GST-SP-6AF1FBF7
8e29d051f810eb22959ede205b462b9f,Mirassol Merchant 8E29D0,4.0,GST-SP-E399BEA2
ccb83a794700270fde70898fe9ff368b,Sombrio Merchant CCB83A,4.33,GST-SC-6D6463E1
612a743d294c27884fb7b80d2b19ba35,Curitiba Merchant 612A74,4.5,GST-PR-0DDA295E
cb6c9f5888a7a090c75beaf615925792,Vila Velha Merchant CB6C9F,3.82,GST-ES-BAA244E2
c12d7463a579237ffb9248bd7cff378b,Sao Paulo Merchant C12D74,4.0,GST-SP-1D750182
fe701d88b67eaca109dffd464d1be9f9,Marica Merchant FE701D,4.0,GST-RJ-68AD922E
46dc3b2cc0980fb8ec44634e21d2718e,Rio De Janeiro Merchant 46DC3B,4.19,GST-RJ-B44FAF6D
fedaedd3ca31d56ab33e92035e4b361c,Niteroi Merchant FEDAED,4.0,GST-RJ-E3241048
dbc51f5e45d654ecc16cb68e6817ecea,Franca Merchant DBC51F,4.0,GST-SP-8C7457D6
81f89e42267213cb94da7ddc301651da,Presidente Prudente Merchant 81F89E,3.67,GST-SP-2E2C7B7F
630008e0f062605a415d694489f6f82e,Sao Paulo Merchant 630008,3.5,GST-SP-4F6B8C55
58f1a6197ed863543e0136bdedb3fce2,Conselheiro Lafaiete Merchant 58F1A6,4.18,GST-MG-4B3E9F3A
df56d7b40d437f88407c5f78b63bc328,Cascavel Merchant DF56D7,4.09,GST-PR-A309F9B4
165fc07beebdcb6190fba8a06db2a449,Maringa Merchant 165FC0,3.8,GST-PR-C742AF44
0691148aee60ca47977c187804f935ae,Londrina Merchant 069114,4.19,GST-PR-2BAE580C
cac876b37d3abcd6bd76caca30277996,Cascavel Merchant CAC876,4.46,GST-PR-15D5E670
9ac4f14370b1e24ddc58be041b7f99df,Jaragua Merchant 9AC4F1,4.4,GST-GO-BA35B0BB
70eea00b476a314817cefde4aad4f89a,Itatiba Merchant 70EEA0,4.38,GST-SP-3C93F079
282c7480173bb9c01dd41cc739fec010,Sao Paulo Merchant 282C74,4.0,GST-SP-94BC65A5
c840d3fdbba0790404fdae73d253b253,Curitiba Merchant C840D3,3.56,GST-PR-68719E2B
4f40d2ed38d1cc945364a7cd202a82c7,Sao Paulo Merchant 4F40D2,1.0,GST-SP-0EB120E3
9cad4b68bb993ee401a3c5aaa2bc26dd,Birigui Merchant 9CAD4B,2.8,GST-SP-A596675C
dbbcfe2c8d026742134ac3e28ccde274,Curitiba Merchant DBBCFE,4.2,GST-PR-DDF8BA85
2fdde51ad3e12f297da656d4fbd5d0b5,Joinville Merchant 2FDDE5,4.7,GST-SC-B9B2947D
7040e82f899a04d1b434b795a43b4617,Sao Paulo Merchant 7040E8,3.6,GST-SP-F764E1FB
83a75eea11694e36e56dd0cb2240229a,Amparo Merchant 83A75E,5.0,GST-SP-099238F1
a1544b9ea0b2390e020537d4daa89049,Jundiai Merchant A1544B,4.0,GST-SP-4357FD5C
b8a0adc91af209270c2c725168eb00fd,Ibitinga Merchant B8A0AD,4.0,GST-SP-97C78E3A
20b54c376b794ed028df09a3cd88e8dc,Sao Caetano Do Sul Merchant 20B54C,3.0,GST-SP-A1C19B03
5415337f1863452476d42d9f14a16a61,Belo Horizonte Merchant 541533,3.0,GST-MG-D42FEB05
e0482f2c769468c3bbcd8a01e09d98c5,Sao Paulo Merchant E0482F,4.0,GST-SP-B81F85B3
3fe7120d6257285ac6a3ce7cb071ccec,Governador Valadares Merchant 3FE712,3.5,GST-MG-5D560FA3
7daca0837f033a41a6f3428c18657533,Tanabi Merchant 7DACA0,3.57,GST-SP-1BBBA72F
d66c305afaec317ebee552073a674429,Ribeirao Das Neves Merchant D66C30,4.31,GST-MG-FB1096C6
a5ff20ff766e7f50bd5066f33da14413,Sao Paulo Merchant A5FF20,3.0,GST-SP-13DC8D2C
adbe70ab2c97442046d393988c8d1d27,Maua Merchant ADBE70,5.0,GST-SP-E694C421
74c7dec0a384d8a05950e629bd23bde9,Mogi Guacu Merchant 74C7DE,3.6,GST-SP-C27582E7
42bde9fef835393bb8a8849cb6b7f245,Brasilia Merchant 42BDE9,4.26,GST-DF-FE5EF809
89bc797e2e29667aa035d4368f9b7f92,Sao Paulo Merchant 89BC79,3.71,GST-SP-9E704137
f9eedec3129e8cc6b6429c42d0808c5b,"Rio De Janeiro, Rio De Janeiro, Brasil Merchant F9EEDE",4.5,GST-RJ-679EB747
66922902710d126a0e7d26b0e3805106,Belo Horizonte Merchant 669229,4.47,GST-MG-D480C611
32f1bb9dfa65bc7df5c0d9d95a616be4,Sao Paulo Merchant 32F1BB,4.0,GST-SP-C2742895
05f51e13da97139648b8125c31e5f51b,Belo Horizonte Merchant 05F51E,4.07,GST-MG-B42DDDE5
c43d924a0f1688ee9fae0efcd6f539d4,Rio De Janeiro Merchant C43D92,4.0,GST-RJ-DBD1487E
91543f9849d68d023e17194926598543,Blumenau Merchant 91543F,4.5,GST-SC-5AC64203
3ded4e2d5f135cb103e5949d7263d2dd,Pouso Alegre Merchant 3DED4E,5.0,GST-MG-A4AAB27C
7d456afc660226829370f3173d14520c,Mogi Das Cruzes Merchant 7D456A,4.37,GST-SP-C218F362
1900267e848ceeba8fa32d80c1a5f5a8,Ibitinga Merchant 190026,3.84,GST-SP-7D81B37C
4ce6e5f6c52515177e18c1c9361d8677,Sao Bernardo Do Campo Merchant 4CE6E5,3.0,GST-SP-98FDD0F4
157c3e4b42f81ac4a44e8b1ca2fe9876,Sao Paulo Merchant 157C3E,3.7,GST-SP-E063C05C
9fbd5666d8618fa571c4230fafa09bd6,Sao Paulo Merchant 9FBD56,5.0,GST-SP-79AEEA08
eb9cd5b35d95206585e2185318cb5c61,Sao Paulo Merchant EB9CD5,3.0,GST-SP-7FD6088D
08d2d642cf72b622b14dde1d2f5eb2f5,Marilia Merchant 08D2D6,4.29,GST-SP-03B6750A
525e75a6fb1454a2325ab1734bcec221,Barueri Merchant 525E75,3.6,GST-SP-BEDDDFFE
0e982cff76cc0579f632cea8a0e38c9d,Itajai Merchant 0E982C,4.0,GST-SC-E363129C
bc30de0d71bd6260b936a026b5cf7200,Pedreira Merchant BC30DE,4.67,GST-SP-F08305F0
014c0679dd340a0e338872e7ec85666a,Timoteo Merchant 014C06,3.86,GST-MG-0ED33BCF
78ba5933c21686d1c2f64669c8c459e7,Mogi Das Cruzes Merchant 78BA59,4.33,GST-SP-B27AFEC3
6ee85be3693ed79a8e80718743d80655,Sao Paulo Merchant 6EE85B,2.33,GST-SP-02D7A7C9
63272377184e969942f7fff221be858d,Sao Paulo Merchant 632723,5.0,GST-SP-E3C6E470
d5ba419e26d246a0719437cf37d9b46d,Sao Paulo Merchant D5BA41,3.91,GST-SP-7AA97C49
15aac934c58d886785ac1b17953ea898,Muqui Merchant 15AAC9,4.24,GST-ES-7076F12C
0b36063d5818f81ccb94b54adfaebbf5,Jaragua Do Sul Merchant 0B3606,5.0,GST-SC-B3948420
f789d2c4f2c2eb38fc4373e7a4b35264,Juiz De Fora Merchant F789D2,4.16,GST-MG-F062341F
fcf16b7a8697e559f0123190bb30177d,Sao Paulo Merchant FCF16B,3.33,GST-SP-BED0A4B3
880eda903e719a5f179f7e9fceb3a69d,Ipua Merchant 880EDA,1.0,GST-SP-0B27EE58
7f5e4d5efad7e44b91115dd1decb65f3,Jacarei / Sao Paulo Merchant 7F5E4D,5.0,GST-SP-E9366CEA
299c89a525fee36c567f4fe72f038100,Varzea Alegre Merchant 299C89,2.0,GST-CE-75C24B25
87b740daf17b5d1be335a64164ec6842,Suzano Merchant 87B740,3.31,GST-SP-D47D25D6
d4f91e8be86b38da2ee35bc489645a9d,Guaratingueta Merchant D4F91E,5.0,GST-SP-1F950D34
eb3071b9f0b0ddaa2df5ea130f09f26b,Sao Paulo Merchant EB3071,4.56,GST-SP-AD0EA522
7b3f6ce5c6c22e9b96e7581ebf0df6e1,Tambau Merchant 7B3F6C,3.0,GST-SP-455D06F5
31da954dc0855f2495c6310f70a2f931,Araras Merchant 31DA95,4.21,GST-SP-3414AC17
63b9ae557efed31d1f7687917d248a8d,Sao Jose Do Rio Pardo Merchant 63B9AE,4.2,GST-SP-63D60EC8
ef9952469137ff190bacafe117f51537,Uberaba Merchant EF9952,4.8,GST-MG-669E4FF8
c18309219e789960add0b2255ca4b091,Rio De Janeiro Merchant C18309,5.0,GST-RJ-BF00045B
4a82168aaef173cbb6e46ae88728f919,Irati Merchant 4A8216,4.0,GST-PR-667834D4
17e34d8224d27a541263c4c64b11a56b,Riberao Preto Merchant 17E34D,4.19,GST-SP-500E28D6
e2aee0892199b1d92530e371abd825bf,Rolandia Merchant E2AEE0,3.79,GST-PR-FFDB8BEC
870d0118f7a9d85960f29ad89d5d989a,Pocos De Caldas Merchant 870D01,4.09,GST-MG-FC640A6B
eb9267cccc90f1b49c8d2f9887c7dd97,Recife Merchant EB9267,5.0,GST-PE-41150E39
5de1c80811ce7007f62f00d971236c09,Florianopolis Merchant 5DE1C8,5.0,GST-SC-5CFA1731
ec8879960bd2221d5c32f8e12f7da711,Itatiba Merchant EC8879,4.31,GST-SP-38977A8A
586a871d4f1221763fddb6ceefdeb95e,Porto Alegre Merchant 586A87,1.0,GST-RS-E3C4F194
a35124e2d763d7ca3fbe3b97d143200f,Sao Paulo Merchant A35124,4.75,GST-SP-6196F4AF
9198786624eaeb375793215cad26cfa6,Rodeio Merchant 919878,3.78,GST-SC-6913A733
fe1b067411b8c5066e962aa146ccee03,Presidente Prudente Merchant FE1B06,4.62,GST-SP-59FCEBE5
6b9b80d53ba3676eafe60268a810b5a1,Belo Horizonte Merchant 6B9B80,3.9,GST-SP-526E7F53
a938325a4b357fd23a6a4d5bb126408e,Nilopolis Merchant A93832,3.83,GST-RJ-5FFDF7B4
f1b854361f4e15d5851b494df66f22b2,Rio De Janeiro Merchant F1B854,3.33,GST-RJ-F81A06FD
3d49bfdd1b43a7fe169b3740067acc61,Montes Claros Merchant 3D49BF,4.67,GST-MG-370702E2
9df5750209b83567ec144eb299d7d634,Sao Leopoldo Merchant 9DF575,4.0,GST-RS-4D191516
3d62f86afa7c73be2628a3be1423f5a0,Jacarei Merchant 3D62F8,4.0,GST-SP-109F8D7A
497709c2976a8fa308730a2dec5b0726,Diadema Merchant 497709,5.0,GST-SP-7DB2202B
e73bf2cea7fe4b0b4d287a7568ed1099,Chapeco Merchant E73BF2,5.0,GST-SC-D0056479
778323240ce2830d68aab11794e00bfb,Sao Paulo Merchant 778323,4.33,GST-SP-6AF88096
2493dc3f20131696a0ecdb9948051a8d,Brasilia Merchant 2493DC,4.75,GST-DF-0EFFA82C
a3dd39f583bc80bd8c5901c95878921e,Salvador Merchant A3DD39,4.6,GST-BA-F51CA7D1
4342d4b2ba6b161468c63a7e7cfce593,Rio De Janeiro Merchant 4342D4,1.26,GST-RJ-D216D0D8
06df0c10d34e459d9672bc77388742eb,Maringa Merchant 06DF0C,4.35,GST-PR-58619ACB
89757206b887aed36f3e18d858460fea,Sao Paulo Merchant 897572,5.0,GST-SP-3439F8F2
d8b8f2cf9ff6ba0389072541cb42498c,Formosa Merchant D8B8F2,5.0,GST-GO-DB4B92C7
3c03b12bab54d8b37d79d914bfdb1aa0,Sao Joao De Meriti Merchant 3C03B1,3.83,GST-RJ-F4F1637A
9d5a9018aee56acb367ba9c3f05d1d6a,Aparecida De Goiania Merchant 9D5A90,4.42,GST-GO-B40E8439
f9244d45189d3a3605499abddeade7d5,Sao Paulo Merchant F9244D,4.29,GST-SP-7AF2BF8E
2b3b9ce054da76a7428df143a567b156,Sao Paulo Merchant 2B3B9C,3.6,GST-SP-84474777
198c7ea11960a9844b544d9bcdca860c,Jacutinga Merchant 198C7E,3.88,GST-MG-23D1A98F
a478c7961d6a992065b24e63b366f90b,Blumenau Merchant A478C7,4.88,GST-SC-9D68738C
30c7f28fd3a5897b2c82d152bb760c17,Niteroi Merchant 30C7F2,1.67,GST-RJ-43EA7EBC
66e0557ecc2b4dbea057e93f215f68d8,Sao Paulo Merchant 66E055,3.94,GST-SP-3B462592
be1e9e378700cecaa4ebf71433d7915c,Ribeirao Preto Merchant BE1E9E,3.0,GST-SP-173A30EE
21e83881401b92b49fb09a16d3852291,Uberlandia Merchant 21E838,4.36,GST-MG-AAAE3064
55c96925041a14097b6a7825554f4ad5,Sao Paulo Merchant 55C969,4.0,GST-SP-C7DBFD2F
918f6fbcf3ab724d805867303e593a1b,Valinhos Merchant 918F6F,4.0,GST-SP-550C8262
daeb5653dd96c1b11860f72209795012,Belo Horizonte Merchant DAEB56,4.05,GST-MG-C66904D7
228e4c1a0be164f613d41c24345f9d2c,Bandeirantes Merchant 228E4C,5.0,GST-PR-FC0FF2EE
5145090ab595c0d0b8557199f5701fbf,Curitiba Merchant 514509,4.25,GST-PR-48BD4974
87e24fc7052259b1f7f607d61c10d8be,Sao Paulo Merchant 87E24F,3.5,GST-SP-E09BBEF4
d66c11a9572221d92fbb8c4897db5f9b,Rio De Janeiro Merchant D66C11,4.56,GST-RJ-123E4659
e2c92f9c1c7746d899d18f2e158bbff7,Sao Jose Do Rio Preto Merchant E2C92F,4.07,GST-SP-F47D443A
ea67327e24487bdfac5fbfa37ea124df,Ibitinga Merchant EA6732,3.53,GST-SP-DE64F5EA
db6a4d4b5f1f5f98820ce6ce2619e2de,Sao Paulo Merchant DB6A4D,5.0,GST-SP-0415BC0C
1d1bbb8ac1581824986f582583fff01d,Indaial Merchant 1D1BBB,3.5,GST-SC-07CB3738
f90f77ef2799a27f80d90c425ca944f7,Londrina Merchant F90F77,5.0,GST-PR-E0EEB19A
bbf4a892cac7b82422baa711dffb8997,Curitiba Merchant BBF4A8,5.0,GST-PR-DD3DBEB2
39f776d2974049026ff531fc42ef2a3e,Goiania Merchant 39F776,3.67,GST-GO-77C94F6D
c70c1b0d8ca86052f45a432a38b73958,Hortolandia Merchant C70C1B,4.36,GST-SP-8D43ECA5
9e6967d3cf386d284251784b18ccb485,Sao Caetano Do Sul Merchant 9E6967,3.89,GST-SP-54F9D8A6
747e73c01a4593d4cf60dcf970fd2689,Vitoria De Santo Antao Merchant 747E73,4.33,GST-PE-B4017728
63704069d9bd3a75c1cf59babe56004a,Jundiai Merchant 637040,1.0,GST-SP-A0411A7E
4e2627090e6e5b9fabba883a37897683,Belo Horizonte Merchant 4E2627,1.0,GST-MG-E3378374
61b18775be84fb700a6b2d0ba097bf66,Araraquara Merchant 61B187,4.75,GST-SP-FC46615A
95cca791657aabeff15a07eb152d7841,Palotina Merchant 95CCA7,5.0,GST-PR-8AE046E4
dde698c6d0bd24834c586e5111c2bba7,Petropolis Merchant DDE698,5.0,GST-RJ-447C8A28
e94b64dc6979b302a5a5be1662c83bb6,Itapecerica Da Serra Merchant E94B64,5.0,GST-SP-46A85ED0
15ead3a5037a918ddb520dfe39a3d2b9,Conselheiro Lafaiete Merchant 15EAD3,4.29,GST-MG-BC978A07
9d489893ff6af05029671b785f54b998,Leme Merchant 9D4898,4.0,GST-SP-285ADDE9
725af026f869236a8dd0ceb98564d156,Claudio Merchant 725AF0,3.43,GST-MG-7576689C
f00f5b35d0abcacbdd863672f4bb2c1a,Sao Paulo Merchant F00F5B,4.0,GST-SP-79FB46AB
7bac63f6603d382cc8d0832eb6c100a8,Sao Paulo Merchant 7BAC63,4.0,GST-SP-2847EABA
f1fdf2d13186575751aa25876536d85c,Sao Paulo Merchant F1FDF2,5.0,GST-SP-5BFBEEF2
98dddbc4601dd4443ca174359b237166,Sarandi Merchant 98DDDB,5.0,GST-PR-176B0DBF
f8201cab383e484733266d1906e2fdfa,Palhoca Merchant F8201C,4.1,GST-SC-F5F186A2
74871d19219c7d518d0090283e03c137,Sao Paulo Merchant 74871D,5.0,GST-SP-161747F2
e603cf3fec55f8697c9059638d6c8eb5,Pelotas Merchant E603CF,4.25,GST-RS-46524C8B
9e25199f6ef7e7c347120ff175652c3b,Taubate Merchant 9E2519,4.0,GST-SP-380D40BD
